Index Name,Date,Open,High,Low,Close,index_name
NIFTY 50,24 Mar 2026,22878.45,23057.3,22624.2,22912.4,NIFTY 50
NIFTY 50,23 Mar 2026,22824.35,22851.7,22471.25,22512.65,NIFTY 50
NIFTY 50,20 Mar 2026,23110.15,23345.15,23067.6,23114.5,NIFTY 50
NIFTY 50,19 Mar 2026,23197.75,23378.7,22930.35,23002.15,NIFTY 50
NIFTY 50,18 Mar 2026,23632.9,23862.25,23618.45,23777.8,NIFTY 50
NIFTY 50,17 Mar 2026,23493.2,23656.8,23346.6,23581.15,NIFTY 50
NIFTY 50,16 Mar 2026,23116.1,23502.0,22955.25,23408.8,NIFTY 50
NIFTY 50,13 Mar 2026,23462.5,23492.4,23112.0,23151.1,NIFTY 50
NIFTY 50,12 Mar 2026,23674.85,23833.15,23556.3,23639.15,NIFTY 50
NIFTY 50,11 Mar 2026,24231.85,24299.0,23834.3,23866.85,NIFTY 50
NIFTY 50,10 Mar 2026,24280.8,24303.8,24079.95,24261.6,NIFTY 50
NIFTY 50,09 Mar 2026,23868.05,24078.15,23697.8,24028.05,NIFTY 50
NIFTY 50,06 Mar 2026,24656.4,24700.8,24415.75,24450.45,NIFTY 50
NIFTY 50,05 Mar 2026,24615.95,24854.2,24529.4,24765.9,NIFTY 50
NIFTY 50,04 Mar 2026,24388.8,24602.45,24305.4,24480.5,NIFTY 50
NIFTY 50,02 Mar 2026,24659.25,24989.35,24603.5,24865.7,NIFTY 50
NIFTY 50,27 Feb 2026,25459.85,25476.4,25141.3,25178.65,NIFTY 50
NIFTY 50,26 Feb 2026,25556.3,25572.95,25400.95,25496.55,NIFTY 50
NIFTY 50,25 Feb 2026,25512.6,25652.6,25428.2,25482.5,NIFTY 50
NIFTY 50,24 Feb 2026,25641.8,25641.8,25327.6,25424.65,NIFTY 50
NIFTY 50,23 Feb 2026,25678.4,25771.45,25609.35,25713.0,NIFTY 50
NIFTY 50,20 Feb 2026,25406.55,25663.55,25379.75,25571.25,NIFTY 50
NIFTY 50,19 Feb 2026,25873.35,25885.3,25388.75,25454.35,NIFTY 50
NIFTY 50,18 Feb 2026,25752.65,25828.05,25645.15,25819.35,NIFTY 50
NIFTY 50,17 Feb 2026,25637.95,25764.4,25570.3,25725.4,NIFTY 50
NIFTY 50,16 Feb 2026,25423.6,25697.0,25372.7,25682.75,NIFTY 50
NIFTY 50,13 Feb 2026,25571.15,25630.35,25444.3,25471.1,NIFTY 50
NIFTY 50,12 Feb 2026,25906.7,25906.7,25752.4,25807.2,NIFTY 50
NIFTY 50,11 Feb 2026,25997.45,26009.4,25899.8,25953.85,NIFTY 50
NIFTY 50,10 Feb 2026,25922.65,25989.45,25870.45,25935.15,NIFTY 50
NIFTY 50,09 Feb 2026,25888.7,25922.25,25780.9,25867.3,NIFTY 50
NIFTY 50,06 Feb 2026,25605.8,25703.95,25491.9,25693.7,NIFTY 50
NIFTY 50,05 Feb 2026,25755.9,25757.65,25579.5,25642.8,NIFTY 50
NIFTY 50,04 Feb 2026,25675.05,25818.55,25563.95,25776.0,NIFTY 50
NIFTY 50,03 Feb 2026,26308.05,26341.2,25641.3,25727.55,NIFTY 50
NIFTY 50,02 Feb 2026,24796.5,25108.1,24679.4,25088.4,NIFTY 50
NIFTY 50,01 Feb 2026,25333.75,25440.9,24571.75,24825.45,NIFTY 50
NIFTY 50,30 Jan 2026,25247.55,25370.7,25213.65,25320.65,NIFTY 50
NIFTY 50,29 Jan 2026,25345.0,25458.15,25159.8,25418.9,NIFTY 50
NIFTY 50,28 Jan 2026,25258.85,25372.1,25187.65,25342.75,NIFTY 50
NIFTY 50,27 Jan 2026,25063.35,25246.65,24932.55,25175.4,NIFTY 50
NIFTY 50,23 Jan 2026,25344.6,25347.95,25025.3,25048.65,NIFTY 50
NIFTY 50,22 Jan 2026,25344.15,25435.75,25168.5,25289.9,NIFTY 50
NIFTY 50,21 Jan 2026,25141.0,25300.95,24919.8,25157.5,NIFTY 50
NIFTY 50,20 Jan 2026,25580.3,25585.0,25171.35,25232.5,NIFTY 50
NIFTY 50,19 Jan 2026,25653.1,25653.3,25494.35,25585.5,NIFTY 50
NIFTY 50,16 Jan 2026,25696.05,25873.5,25662.4,25694.35,NIFTY 50
NIFTY 50,14 Jan 2026,25648.55,25791.75,25603.95,25665.6,NIFTY 50
NIFTY 50,13 Jan 2026,25897.35,25899.8,25603.3,25732.3,NIFTY 50
NIFTY 50,12 Jan 2026,25669.05,25813.15,25473.4,25790.25,NIFTY 50
NIFTY 50,09 Jan 2026,25840.4,25940.6,25623.0,25683.3,NIFTY 50
NIFTY 50,08 Jan 2026,26106.5,26133.2,25858.45,25876.85,NIFTY 50
NIFTY 50,07 Jan 2026,26143.1,26187.15,26067.9,26140.75,NIFTY 50
NIFTY 50,06 Jan 2026,26189.7,26273.95,26124.75,26178.7,NIFTY 50
NIFTY 50,05 Jan 2026,26333.7,26373.2,26210.05,26250.3,NIFTY 50
NIFTY 50,02 Jan 2026,26155.1,26340.0,26118.4,26328.55,NIFTY 50
NIFTY 50,01 Jan 2026,26173.3,26197.55,26113.4,26146.55,NIFTY 50
NIFTY 100,24 Mar 2026,23489.5,23654.75,23192.55,23499.3,NIFTY 100
NIFTY 100,23 Mar 2026,23478.8,23504.2,23054.3,23098.25,NIFTY 100
NIFTY 100,20 Mar 2026,23773.25,24021.75,23725.05,23766.1,NIFTY 100
NIFTY 100,19 Mar 2026,23890.1,24043.4,23575.15,23651.95,NIFTY 100
NIFTY 100,18 Mar 2026,24293.2,24529.6,24283.65,24446.45,NIFTY 100
NIFTY 100,17 Mar 2026,24143.8,24310.7,23992.7,24237.8,NIFTY 100
NIFTY 100,16 Mar 2026,23814.95,24155.85,23608.95,24055.4,NIFTY 100
NIFTY 100,13 Mar 2026,24205.75,24237.0,23810.8,23849.25,NIFTY 100
NIFTY 100,12 Mar 2026,24386.55,24564.7,24235.7,24375.1,NIFTY 100
NIFTY 100,11 Mar 2026,24941.6,25020.5,24538.8,24574.55,NIFTY 100
NIFTY 100,10 Mar 2026,24955.6,25001.95,24753.05,24957.8,NIFTY 100
NIFTY 100,09 Mar 2026,24556.75,24733.15,24338.75,24685.65,NIFTY 100
NIFTY 100,06 Mar 2026,25316.2,25375.2,25101.7,25134.9,NIFTY 100
NIFTY 100,05 Mar 2026,25253.1,25505.1,25175.2,25420.1,NIFTY 100
NIFTY 100,04 Mar 2026,25087.1,25239.2,24961.15,25118.25,NIFTY 100
NIFTY 100,02 Mar 2026,25308.3,25699.55,25288.75,25563.5,NIFTY 100
NIFTY 100,27 Feb 2026,26195.55,26211.45,25861.85,25897.55,NIFTY 100
NIFTY 100,26 Feb 2026,26272.1,26290.35,26113.25,26226.85,NIFTY 100
NIFTY 100,25 Feb 2026,26204.15,26347.35,26131.45,26200.5,NIFTY 100
NIFTY 100,24 Feb 2026,26280.45,26280.45,25988.0,26112.2,NIFTY 100
NIFTY 100,23 Feb 2026,26333.4,26425.25,26249.15,26355.4,NIFTY 100
NIFTY 100,20 Feb 2026,26042.6,26307.4,26017.5,26217.3,NIFTY 100
NIFTY 100,19 Feb 2026,26533.65,26542.7,26022.7,26090.7,NIFTY 100
NIFTY 100,18 Feb 2026,26404.4,26495.2,26302.2,26484.6,NIFTY 100
NIFTY 100,17 Feb 2026,26273.1,26406.15,26214.0,26375.1,NIFTY 100
NIFTY 100,16 Feb 2026,26034.7,26331.3,25981.45,26315.35,NIFTY 100
NIFTY 100,13 Feb 2026,26212.25,26252.8,26063.75,26092.4,NIFTY 100
NIFTY 100,12 Feb 2026,26552.25,26552.25,26381.9,26448.05,NIFTY 100
NIFTY 100,11 Feb 2026,26619.1,26626.15,26524.35,26592.3,NIFTY 100
NIFTY 100,10 Feb 2026,26548.4,26601.05,26488.7,26552.1,NIFTY 100
NIFTY 100,09 Feb 2026,26487.75,26508.15,26380.4,26487.8,NIFTY 100
NIFTY 100,06 Feb 2026,26204.25,26309.25,26069.5,26297.3,NIFTY 100
NIFTY 100,05 Feb 2026,26351.75,26354.05,26182.8,26248.3,NIFTY 100
NIFTY 100,04 Feb 2026,26270.8,26419.9,26129.25,26382.7,NIFTY 100
NIFTY 100,03 Feb 2026,26849.75,26893.85,26216.5,26313.2,NIFTY 100
NIFTY 100,02 Feb 2026,25366.85,25677.05,25212.4,25655.35,NIFTY 100
NIFTY 100,01 Feb 2026,25894.25,26013.0,25105.35,25385.85,NIFTY 100
NIFTY 100,30 Jan 2026,25858.7,25950.2,25785.7,25902.0,NIFTY 100
NIFTY 100,29 Jan 2026,25951.65,26053.9,25765.9,26021.7,NIFTY 100
NIFTY 100,28 Jan 2026,25790.7,25963.25,25766.55,25943.8,NIFTY 100
NIFTY 100,27 Jan 2026,25610.35,25778.05,25452.1,25706.15,NIFTY 100
NIFTY 100,23 Jan 2026,25921.8,25922.9,25541.65,25570.5,NIFTY 100
NIFTY 100,22 Jan 2026,25890.3,26008.4,25739.6,25860.25,NIFTY 100
NIFTY 100,21 Jan 2026,25687.3,25848.65,25443.85,25701.4,NIFTY 100
NIFTY 100,20 Jan 2026,26174.3,26182.3,25719.25,25780.95,NIFTY 100
NIFTY 100,19 Jan 2026,26245.95,26246.1,26104.95,26181.95,NIFTY 100
NIFTY 100,16 Jan 2026,26287.4,26468.7,26248.45,26285.3,NIFTY 100
NIFTY 100,14 Jan 2026,26220.4,26373.2,26196.05,26256.3,NIFTY 100
NIFTY 100,13 Jan 2026,26462.05,26462.75,26150.55,26296.75,NIFTY 100
NIFTY 100,12 Jan 2026,26244.65,26380.5,26020.45,26357.4,NIFTY 100
NIFTY 100,09 Jan 2026,26422.8,26536.45,26187.0,26252.95,NIFTY 100
NIFTY 100,08 Jan 2026,26748.95,26772.5,26439.7,26462.6,NIFTY 100
NIFTY 100,07 Jan 2026,26783.3,26828.95,26702.8,26781.8,NIFTY 100
NIFTY 100,06 Jan 2026,26813.55,26892.6,26742.15,26808.75,NIFTY 100
NIFTY 100,05 Jan 2026,26936.65,26975.15,26806.25,26858.15,NIFTY 100
NIFTY 100,02 Jan 2026,26739.85,26936.0,26723.25,26925.3,NIFTY 100
NIFTY 100,01 Jan 2026,26736.55,26764.25,26674.1,26723.25,NIFTY 100
NIFTY 200,24 Mar 2026,12819.4,12912.0,12647.4,12832.9,NIFTY 200
NIFTY 200,23 Mar 2026,12830.6,12839.55,12568.75,12594.3,NIFTY 200
NIFTY 200,20 Mar 2026,12990.65,13129.2,12964.55,12985.4,NIFTY 200
NIFTY 200,19 Mar 2026,13064.1,13133.1,12874.1,12918.65,NIFTY 200
NIFTY 200,18 Mar 2026,13239.05,13396.35,13236.1,13351.15,NIFTY 200
NIFTY 200,17 Mar 2026,13154.6,13247.2,13069.85,13209.35,NIFTY 200
NIFTY 200,16 Mar 2026,12998.25,13162.25,12865.5,13103.6,NIFTY 200
NIFTY 200,13 Mar 2026,13231.15,13247.5,12995.95,13018.25,NIFTY 200
NIFTY 200,12 Mar 2026,13318.05,13420.9,13217.65,13317.8,NIFTY 200
NIFTY 200,11 Mar 2026,13617.45,13666.4,13395.95,13415.7,NIFTY 200
NIFTY 200,10 Mar 2026,13608.65,13643.9,13500.35,13617.75,NIFTY 200
NIFTY 200,09 Mar 2026,13401.95,13481.85,13262.2,13456.55,NIFTY 200
NIFTY 200,06 Mar 2026,13799.8,13841.95,13688.9,13706.0,NIFTY 200
NIFTY 200,05 Mar 2026,13755.85,13894.9,13712.4,13850.45,NIFTY 200
NIFTY 200,04 Mar 2026,13682.35,13743.55,13600.3,13678.05,NIFTY 200
NIFTY 200,02 Mar 2026,13769.9,14019.45,13764.6,13931.3,NIFTY 200
NIFTY 200,27 Feb 2026,14281.35,14288.15,14101.75,14121.05,NIFTY 200
NIFTY 200,26 Feb 2026,14306.5,14328.6,14230.15,14297.55,NIFTY 200
NIFTY 200,25 Feb 2026,14264.75,14336.7,14225.25,14268.65,NIFTY 200
NIFTY 200,24 Feb 2026,14290.45,14290.45,14134.65,14214.45,NIFTY 200
NIFTY 200,23 Feb 2026,14336.85,14380.45,14274.75,14331.0,NIFTY 200
NIFTY 200,20 Feb 2026,14184.4,14325.7,14172.2,14280.85,NIFTY 200
NIFTY 200,19 Feb 2026,14455.2,14458.4,14173.75,14211.95,NIFTY 200
NIFTY 200,18 Feb 2026,14384.75,14435.65,14331.65,14429.2,NIFTY 200
NIFTY 200,17 Feb 2026,14314.45,14382.9,14281.6,14367.2,NIFTY 200
NIFTY 200,16 Feb 2026,14184.35,14342.7,14150.1,14333.65,NIFTY 200
NIFTY 200,13 Feb 2026,14298.95,14313.25,14205.75,14221.9,NIFTY 200
NIFTY 200,12 Feb 2026,14481.75,14481.75,14385.6,14425.5,NIFTY 200
NIFTY 200,11 Feb 2026,14516.6,14519.25,14459.4,14502.15,NIFTY 200
NIFTY 200,10 Feb 2026,14481.25,14507.7,14443.6,14483.45,NIFTY 200
NIFTY 200,09 Feb 2026,14418.0,14448.15,14374.85,14441.9,NIFTY 200
NIFTY 200,06 Feb 2026,14270.1,14323.55,14182.25,14316.0,NIFTY 200
NIFTY 200,05 Feb 2026,14347.2,14347.7,14252.7,14294.75,NIFTY 200
NIFTY 200,04 Feb 2026,14292.75,14381.35,14210.6,14361.95,NIFTY 200
NIFTY 200,03 Feb 2026,14584.9,14613.55,14261.25,14314.45,NIFTY 200
NIFTY 200,02 Feb 2026,13797.65,13965.5,13696.15,13949.75,NIFTY 200
NIFTY 200,01 Feb 2026,14089.75,14151.6,13637.85,13805.8,NIFTY 200
NIFTY 200,30 Jan 2026,14061.5,14117.05,14019.4,14093.05,NIFTY 200
NIFTY 200,29 Jan 2026,14121.35,14167.2,14013.9,14151.1,NIFTY 200
NIFTY 200,28 Jan 2026,14012.1,14123.45,14001.2,14111.95,NIFTY 200
NIFTY 200,27 Jan 2026,13916.2,14003.8,13816.75,13964.3,NIFTY 200
NIFTY 200,23 Jan 2026,14100.9,14101.6,13872.2,13889.1,NIFTY 200
NIFTY 200,22 Jan 2026,14067.3,14146.35,13991.15,14063.9,NIFTY 200
NIFTY 200,21 Jan 2026,13974.15,14052.8,13812.55,13959.55,NIFTY 200
NIFTY 200,20 Jan 2026,14266.6,14268.35,13988.5,14023.95,NIFTY 200
NIFTY 200,19 Jan 2026,14303.45,14304.8,14233.3,14270.95,NIFTY 200
NIFTY 200,16 Jan 2026,14326.75,14428.3,14306.4,14326.6,NIFTY 200
NIFTY 200,14 Jan 2026,14281.55,14363.35,14267.8,14309.4,NIFTY 200
NIFTY 200,13 Jan 2026,14408.55,14413.35,14231.85,14319.85,NIFTY 200
NIFTY 200,12 Jan 2026,14304.1,14366.05,14163.2,14352.1,NIFTY 200
NIFTY 200,09 Jan 2026,14402.1,14468.75,14266.9,14306.95,NIFTY 200
NIFTY 200,08 Jan 2026,14600.8,14611.7,14408.25,14421.05,NIFTY 200
NIFTY 200,07 Jan 2026,14605.75,14638.4,14571.0,14615.85,NIFTY 200
NIFTY 200,06 Jan 2026,14626.6,14663.3,14574.0,14615.75,NIFTY 200
NIFTY 200,05 Jan 2026,14688.85,14700.95,14607.0,14642.9,NIFTY 200
NIFTY 200,02 Jan 2026,14574.75,14682.45,14565.7,14677.15,NIFTY 200
NIFTY 200,01 Jan 2026,14560.7,14571.25,14518.4,14560.25,NIFTY 200
NIFTY 500,24 Mar 2026,21045.45,21183.15,20743.9,21067.0,NIFTY 500
NIFTY 500,23 Mar 2026,21079.6,21090.05,20611.8,20664.25,NIFTY 500
NIFTY 500,20 Mar 2026,21349.95,21558.0,21294.85,21327.9,NIFTY 500
NIFTY 500,19 Mar 2026,21466.4,21562.8,21156.2,21225.8,NIFTY 500
NIFTY 500,18 Mar 2026,21721.45,21990.4,21713.4,21917.4,NIFTY 500
NIFTY 500,17 Mar 2026,21585.05,21729.65,21446.15,21669.3,NIFTY 500
NIFTY 500,16 Mar 2026,21355.95,21593.25,21110.0,21498.8,NIFTY 500
NIFTY 500,13 Mar 2026,21763.25,21780.75,21351.1,21391.2,NIFTY 500
NIFTY 500,12 Mar 2026,21888.4,22059.6,21703.9,21897.5,NIFTY 500
NIFTY 500,11 Mar 2026,22351.85,22440.9,22009.3,22042.3,NIFTY 500
NIFTY 500,10 Mar 2026,22310.8,22385.65,22141.85,22342.95,NIFTY 500
NIFTY 500,09 Mar 2026,21995.15,22090.7,21743.15,22056.55,NIFTY 500
NIFTY 500,06 Mar 2026,22621.55,22701.6,22456.45,22481.3,NIFTY 500
NIFTY 500,05 Mar 2026,22536.75,22760.85,22468.2,22697.8,NIFTY 500
NIFTY 500,04 Mar 2026,22438.0,22517.4,22283.15,22409.8,NIFTY 500
NIFTY 500,02 Mar 2026,22547.0,22992.35,22539.65,22835.95,NIFTY 500
NIFTY 500,27 Feb 2026,23423.95,23433.55,23136.75,23166.85,NIFTY 500
NIFTY 500,26 Feb 2026,23462.05,23502.95,23340.75,23448.5,NIFTY 500
NIFTY 500,25 Feb 2026,23388.45,23500.1,23325.9,23403.8,NIFTY 500
NIFTY 500,24 Feb 2026,23418.1,23418.1,23168.05,23304.6,NIFTY 500
NIFTY 500,23 Feb 2026,23493.3,23566.85,23394.25,23484.95,NIFTY 500
NIFTY 500,20 Feb 2026,23252.75,23467.4,23221.15,23395.0,NIFTY 500
NIFTY 500,19 Feb 2026,23691.6,23697.9,23235.35,23297.45,NIFTY 500
NIFTY 500,18 Feb 2026,23571.5,23657.75,23490.35,23645.8,NIFTY 500
NIFTY 500,17 Feb 2026,23445.3,23563.25,23394.8,23540.05,NIFTY 500
NIFTY 500,16 Feb 2026,23248.55,23487.35,23190.2,23472.45,NIFTY 500
NIFTY 500,13 Feb 2026,23448.7,23464.05,23285.0,23313.15,NIFTY 500
NIFTY 500,12 Feb 2026,23753.8,23753.8,23589.05,23651.55,NIFTY 500
NIFTY 500,11 Feb 2026,23808.1,23811.15,23707.15,23783.05,NIFTY 500
NIFTY 500,10 Feb 2026,23752.6,23796.4,23691.5,23753.75,NIFTY 500
NIFTY 500,09 Feb 2026,23600.85,23693.05,23535.4,23683.4,NIFTY 500
NIFTY 500,06 Feb 2026,23366.5,23447.0,23211.4,23434.0,NIFTY 500
NIFTY 500,05 Feb 2026,23509.75,23509.95,23337.35,23411.7,NIFTY 500
NIFTY 500,04 Feb 2026,23414.1,23562.7,23284.45,23534.95,NIFTY 500
NIFTY 500,03 Feb 2026,23870.2,23912.35,23355.5,23446.3,NIFTY 500
NIFTY 500,02 Feb 2026,22595.45,22869.7,22408.5,22837.0,NIFTY 500
NIFTY 500,01 Feb 2026,23067.5,23160.1,22337.3,22611.3,NIFTY 500
NIFTY 500,30 Jan 2026,22994.3,23110.2,22916.0,23079.5,NIFTY 500
NIFTY 500,29 Jan 2026,23107.5,23158.6,22922.6,23134.8,NIFTY 500
NIFTY 500,28 Jan 2026,22899.6,23101.75,22884.5,23082.1,NIFTY 500
NIFTY 500,27 Jan 2026,22752.7,22886.95,22562.95,22819.25,NIFTY 500
NIFTY 500,23 Jan 2026,23072.3,23073.35,22679.7,22706.2,NIFTY 500
NIFTY 500,22 Jan 2026,23013.45,23144.55,22888.5,23008.75,NIFTY 500
NIFTY 500,21 Jan 2026,22864.5,22981.8,22586.8,22835.15,NIFTY 500
NIFTY 500,20 Jan 2026,23365.65,23368.15,22888.65,22946.65,NIFTY 500
NIFTY 500,19 Jan 2026,23443.3,23443.35,23324.85,23373.75,NIFTY 500
NIFTY 500,16 Jan 2026,23502.85,23652.7,23455.5,23485.3,NIFTY 500
NIFTY 500,14 Jan 2026,23422.1,23558.7,23399.9,23475.85,NIFTY 500
NIFTY 500,13 Jan 2026,23603.45,23627.05,23336.05,23480.65,NIFTY 500
NIFTY 500,12 Jan 2026,23459.4,23533.45,23199.5,23510.45,NIFTY 500
NIFTY 500,09 Jan 2026,23646.75,23741.75,23407.7,23467.35,NIFTY 500
NIFTY 500,08 Jan 2026,23996.2,24010.45,23657.35,23680.1,NIFTY 500
NIFTY 500,07 Jan 2026,23995.85,24050.55,23942.25,24016.6,NIFTY 500
NIFTY 500,06 Jan 2026,24042.9,24089.75,23941.4,24010.5,NIFTY 500
NIFTY 500,05 Jan 2026,24123.1,24144.2,23999.15,24058.45,NIFTY 500
NIFTY 500,02 Jan 2026,23935.95,24107.7,23921.45,24099.0,NIFTY 500
NIFTY 500,01 Jan 2026,23914.65,23925.55,23835.55,23909.55,NIFTY 500
NIFTY INDIA FPI 150,24 Mar 2026,1435.15,1444.65,1415.4,1435.65,NIFTY INDIA FPI 150
NIFTY INDIA FPI 150,23 Mar 2026,1435.65,1436.3,1407.25,1410.5,NIFTY INDIA FPI 150
NIFTY INDIA FPI 150,20 Mar 2026,1450.25,1466.85,1448.9,1451.95,NIFTY INDIA FPI 150
NIFTY INDIA FPI 150,19 Mar 2026,1460.0,1466.95,1435.7,1440.85,NIFTY INDIA FPI 150
NIFTY INDIA FPI 150,18 Mar 2026,1473.9,1492.85,1473.9,1487.45,NIFTY INDIA FPI 150
NIFTY INDIA FPI 150,17 Mar 2026,1464.45,1474.75,1455.65,1470.35,NIFTY INDIA FPI 150
NIFTY INDIA FPI 150,16 Mar 2026,1449.3,1465.8,1434.75,1459.5,NIFTY INDIA FPI 150
NIFTY INDIA FPI 150,13 Mar 2026,1475.25,1477.45,1449.25,1452.3,NIFTY INDIA FPI 150
NIFTY INDIA FPI 150,12 Mar 2026,1484.85,1495.6,1472.75,1484.55,NIFTY INDIA FPI 150
NIFTY INDIA FPI 150,11 Mar 2026,1517.2,1523.15,1491.7,1493.95,NIFTY INDIA FPI 150
NIFTY INDIA FPI 150,10 Mar 2026,1517.3,1519.2,1503.75,1516.3,NIFTY INDIA FPI 150
NIFTY INDIA FPI 150,09 Mar 2026,1492.95,1503.45,1479.35,1500.35,NIFTY INDIA FPI 150
NIFTY INDIA FPI 150,06 Mar 2026,1532.7,1539.0,1522.9,1524.75,NIFTY INDIA FPI 150
NIFTY INDIA FPI 150,05 Mar 2026,1524.95,1542.45,1521.95,1537.2,NIFTY INDIA FPI 150
NIFTY INDIA FPI 150,04 Mar 2026,1519.1,1523.15,1507.05,1516.1,NIFTY INDIA FPI 150
NIFTY INDIA FPI 150,02 Mar 2026,1526.45,1554.15,1525.8,1543.85,NIFTY INDIA FPI 150
NIFTY INDIA FPI 150,27 Feb 2026,1583.5,1584.25,1563.1,1565.25,NIFTY INDIA FPI 150
NIFTY INDIA FPI 150,26 Feb 2026,1584.55,1588.15,1576.9,1584.9,NIFTY INDIA FPI 150
NIFTY INDIA FPI 150,25 Feb 2026,1579.0,1588.35,1575.3,1580.25,NIFTY INDIA FPI 150
NIFTY INDIA FPI 150,24 Feb 2026,1580.05,1580.05,1563.75,1573.2,NIFTY INDIA FPI 150
NIFTY INDIA FPI 150,23 Feb 2026,1587.6,1591.7,1579.55,1585.85,NIFTY INDIA FPI 150
NIFTY INDIA FPI 150,20 Feb 2026,1571.25,1586.1,1568.95,1580.85,NIFTY INDIA FPI 150
NIFTY INDIA FPI 150,19 Feb 2026,1601.4,1602.4,1569.9,1574.15,NIFTY INDIA FPI 150
NIFTY INDIA FPI 150,18 Feb 2026,1594.35,1599.35,1587.15,1598.6,NIFTY INDIA FPI 150
NIFTY INDIA FPI 150,17 Feb 2026,1587.25,1595.35,1583.8,1592.35,NIFTY INDIA FPI 150
NIFTY INDIA FPI 150,16 Feb 2026,1574.3,1590.25,1570.15,1589.15,NIFTY INDIA FPI 150
NIFTY INDIA FPI 150,13 Feb 2026,1584.4,1586.4,1574.8,1577.85,NIFTY INDIA FPI 150
NIFTY INDIA FPI 150,12 Feb 2026,1609.1,1609.1,1596.1,1600.6,NIFTY INDIA FPI 150
NIFTY INDIA FPI 150,11 Feb 2026,1613.5,1613.5,1607.0,1611.95,NIFTY INDIA FPI 150
NIFTY INDIA FPI 150,10 Feb 2026,1610.65,1612.5,1605.65,1609.3,NIFTY INDIA FPI 150
NIFTY INDIA FPI 150,09 Feb 2026,1602.0,1606.45,1597.4,1605.6,NIFTY INDIA FPI 150
NIFTY INDIA FPI 150,06 Feb 2026,1587.35,1592.3,1576.35,1591.4,NIFTY INDIA FPI 150
NIFTY INDIA FPI 150,05 Feb 2026,1595.3,1595.85,1584.75,1590.05,NIFTY INDIA FPI 150
NIFTY INDIA FPI 150,04 Feb 2026,1590.1,1599.85,1580.2,1597.55,NIFTY INDIA FPI 150
NIFTY INDIA FPI 150,03 Feb 2026,1624.45,1626.75,1588.65,1594.35,NIFTY INDIA FPI 150
NIFTY INDIA FPI 150,02 Feb 2026,1537.2,1555.35,1525.55,1553.6,NIFTY INDIA FPI 150
NIFTY INDIA FPI 150,01 Feb 2026,1567.35,1574.8,1517.95,1537.25,NIFTY INDIA FPI 150
NIFTY INDIA FPI 150,30 Jan 2026,1564.45,1570.3,1558.6,1567.95,NIFTY INDIA FPI 150
NIFTY INDIA FPI 150,29 Jan 2026,1574.1,1576.1,1559.55,1574.4,NIFTY INDIA FPI 150
NIFTY INDIA FPI 150,28 Jan 2026,1560.8,1573.9,1559.3,1572.45,NIFTY INDIA FPI 150
NIFTY INDIA FPI 150,27 Jan 2026,1553.35,1560.0,1541.35,1556.0,NIFTY INDIA FPI 150
NIFTY INDIA FPI 150,23 Jan 2026,1573.1,1573.1,1547.0,1548.8,NIFTY INDIA FPI 150
NIFTY INDIA FPI 150,22 Jan 2026,1567.9,1578.1,1560.8,1568.65,NIFTY INDIA FPI 150
NIFTY INDIA FPI 150,21 Jan 2026,1556.65,1565.85,1539.45,1556.45,NIFTY INDIA FPI 150
NIFTY INDIA FPI 150,20 Jan 2026,1591.55,1591.8,1557.75,1561.95,NIFTY INDIA FPI 150
NIFTY INDIA FPI 150,19 Jan 2026,1595.9,1596.75,1588.5,1592.1,NIFTY INDIA FPI 150
NIFTY INDIA FPI 150,16 Jan 2026,1598.35,1610.2,1595.8,1598.7,NIFTY INDIA FPI 150
NIFTY INDIA FPI 150,14 Jan 2026,1592.2,1602.15,1590.0,1595.6,NIFTY INDIA FPI 150
NIFTY INDIA FPI 150,13 Jan 2026,1607.1,1607.55,1585.9,1596.2,NIFTY INDIA FPI 150
NIFTY INDIA FPI 150,12 Jan 2026,1595.65,1603.3,1579.7,1601.7,NIFTY INDIA FPI 150
NIFTY INDIA FPI 150,09 Jan 2026,1606.65,1614.75,1591.55,1596.25,NIFTY INDIA FPI 150
NIFTY INDIA FPI 150,08 Jan 2026,1631.4,1631.7,1607.25,1608.65,NIFTY INDIA FPI 150
NIFTY INDIA FPI 150,07 Jan 2026,1631.4,1636.1,1628.05,1632.95,NIFTY INDIA FPI 150
NIFTY INDIA FPI 150,06 Jan 2026,1634.4,1636.9,1626.95,1631.75,NIFTY INDIA FPI 150
NIFTY INDIA FPI 150,05 Jan 2026,1639.85,1641.4,1631.75,1635.55,NIFTY INDIA FPI 150
NIFTY INDIA FPI 150,02 Jan 2026,1627.45,1639.55,1626.65,1638.95,NIFTY INDIA FPI 150
NIFTY INDIA FPI 150,01 Jan 2026,1623.65,1626.45,1619.8,1625.45,NIFTY INDIA FPI 150
NIFTY LARGEMIDCAP 250,24 Mar 2026,14933.85,15037.45,14712.1,14960.55,NIFTY LARGEMIDCAP 250
NIFTY LARGEMIDCAP 250,23 Mar 2026,14982.95,14985.65,14613.3,14650.1,NIFTY LARGEMIDCAP 250
NIFTY LARGEMIDCAP 250,20 Mar 2026,15170.4,15327.7,15132.5,15156.6,NIFTY LARGEMIDCAP 250
NIFTY LARGEMIDCAP 250,19 Mar 2026,15270.65,15321.4,15022.3,15075.9,NIFTY LARGEMIDCAP 250
NIFTY LARGEMIDCAP 250,18 Mar 2026,15393.2,15619.7,15383.1,15568.1,NIFTY LARGEMIDCAP 250
NIFTY LARGEMIDCAP 250,17 Mar 2026,15286.55,15399.3,15185.45,15358.35,NIFTY LARGEMIDCAP 250
NIFTY LARGEMIDCAP 250,16 Mar 2026,15157.35,15294.8,14955.1,15221.85,NIFTY LARGEMIDCAP 250
NIFTY LARGEMIDCAP 250,13 Mar 2026,15473.8,15495.3,15156.1,15185.15,NIFTY LARGEMIDCAP 250
NIFTY LARGEMIDCAP 250,12 Mar 2026,15539.35,15675.3,15386.8,15562.3,NIFTY LARGEMIDCAP 250
NIFTY LARGEMIDCAP 250,11 Mar 2026,15874.15,15938.0,15616.95,15643.55,NIFTY LARGEMIDCAP 250
NIFTY LARGEMIDCAP 250,10 Mar 2026,15833.6,15889.4,15713.1,15855.45,NIFTY LARGEMIDCAP 250
NIFTY LARGEMIDCAP 250,09 Mar 2026,15619.25,15668.95,15414.45,15644.5,NIFTY LARGEMIDCAP 250
NIFTY LARGEMIDCAP 250,06 Mar 2026,16046.9,16119.1,15933.0,15949.95,NIFTY LARGEMIDCAP 250
NIFTY LARGEMIDCAP 250,05 Mar 2026,15972.15,16138.15,15918.15,16094.5,NIFTY LARGEMIDCAP 250
NIFTY LARGEMIDCAP 250,04 Mar 2026,15928.4,15952.9,15779.65,15877.7,NIFTY LARGEMIDCAP 250
NIFTY LARGEMIDCAP 250,02 Mar 2026,15966.0,16328.5,15961.35,16196.65,NIFTY LARGEMIDCAP 250
NIFTY LARGEMIDCAP 250,27 Feb 2026,16619.05,16623.75,16421.75,16442.55,NIFTY LARGEMIDCAP 250
NIFTY LARGEMIDCAP 250,26 Feb 2026,16620.5,16666.7,16549.95,16637.25,NIFTY LARGEMIDCAP 250
NIFTY LARGEMIDCAP 250,25 Feb 2026,16559.9,16629.65,16510.0,16580.45,NIFTY LARGEMIDCAP 250
NIFTY LARGEMIDCAP 250,24 Feb 2026,16553.1,16553.15,16382.75,16500.0,NIFTY LARGEMIDCAP 250
NIFTY LARGEMIDCAP 250,23 Feb 2026,16626.7,16669.65,16534.5,16600.15,NIFTY LARGEMIDCAP 250
NIFTY LARGEMIDCAP 250,20 Feb 2026,16456.95,16615.9,16437.5,16570.25,NIFTY LARGEMIDCAP 250
NIFTY LARGEMIDCAP 250,19 Feb 2026,16775.95,16781.8,16445.0,16490.65,NIFTY LARGEMIDCAP 250
NIFTY LARGEMIDCAP 250,18 Feb 2026,16688.95,16755.4,16633.55,16746.1,NIFTY LARGEMIDCAP 250
NIFTY LARGEMIDCAP 250,17 Feb 2026,16609.7,16680.65,16567.7,16666.05,NIFTY LARGEMIDCAP 250
NIFTY LARGEMIDCAP 250,16 Feb 2026,16467.5,16634.65,16419.75,16623.5,NIFTY LARGEMIDCAP 250
NIFTY LARGEMIDCAP 250,13 Feb 2026,16629.75,16632.65,16482.95,16518.0,NIFTY LARGEMIDCAP 250
NIFTY LARGEMIDCAP 250,12 Feb 2026,16839.55,16839.55,16715.8,16769.6,NIFTY LARGEMIDCAP 250
NIFTY LARGEMIDCAP 250,11 Feb 2026,16876.95,16877.45,16796.2,16857.5,NIFTY LARGEMIDCAP 250
NIFTY LARGEMIDCAP 250,10 Feb 2026,16847.8,16873.25,16794.9,16843.05,NIFTY LARGEMIDCAP 250
NIFTY LARGEMIDCAP 250,09 Feb 2026,16712.95,16797.05,16669.2,16789.55,NIFTY LARGEMIDCAP 250
NIFTY LARGEMIDCAP 250,06 Feb 2026,16552.1,16610.25,16428.15,16598.8,NIFTY LARGEMIDCAP 250
NIFTY LARGEMIDCAP 250,05 Feb 2026,16642.7,16642.7,16511.65,16585.05,NIFTY LARGEMIDCAP 250
NIFTY LARGEMIDCAP 250,04 Feb 2026,16562.1,16672.75,16461.85,16654.2,NIFTY LARGEMIDCAP 250
NIFTY LARGEMIDCAP 250,03 Feb 2026,16842.5,16884.85,16509.55,16582.2,NIFTY LARGEMIDCAP 250
NIFTY LARGEMIDCAP 250,02 Feb 2026,15969.5,16170.05,15817.8,16139.75,NIFTY LARGEMIDCAP 250
NIFTY LARGEMIDCAP 250,01 Feb 2026,16309.85,16370.25,15760.7,15976.1,NIFTY LARGEMIDCAP 250
NIFTY LARGEMIDCAP 250,30 Jan 2026,16243.45,16330.6,16176.95,16309.0,NIFTY LARGEMIDCAP 250
NIFTY LARGEMIDCAP 250,29 Jan 2026,16336.0,16360.4,16196.0,16344.0,NIFTY LARGEMIDCAP 250
NIFTY LARGEMIDCAP 250,28 Jan 2026,16164.0,16326.65,16155.75,16310.85,NIFTY LARGEMIDCAP 250
NIFTY LARGEMIDCAP 250,27 Jan 2026,16060.25,16153.7,15910.6,16106.5,NIFTY LARGEMIDCAP 250
NIFTY LARGEMIDCAP 250,23 Jan 2026,16300.4,16301.15,16001.25,16021.8,NIFTY LARGEMIDCAP 250
NIFTY LARGEMIDCAP 250,22 Jan 2026,16236.1,16349.35,16160.55,16252.3,NIFTY LARGEMIDCAP 250
NIFTY LARGEMIDCAP 250,21 Jan 2026,16154.95,16238.15,15919.45,16104.7,NIFTY LARGEMIDCAP 250
NIFTY LARGEMIDCAP 250,20 Jan 2026,16537.45,16538.75,16165.95,16211.65,NIFTY LARGEMIDCAP 250
NIFTY LARGEMIDCAP 250,19 Jan 2026,16582.05,16597.55,16508.0,16544.0,NIFTY LARGEMIDCAP 250
NIFTY LARGEMIDCAP 250,16 Jan 2026,16620.05,16730.6,16585.15,16613.2,NIFTY LARGEMIDCAP 250
NIFTY LARGEMIDCAP 250,14 Jan 2026,16559.5,16647.45,16536.3,16600.35,NIFTY LARGEMIDCAP 250
NIFTY LARGEMIDCAP 250,13 Jan 2026,16690.0,16716.8,16482.7,16595.45,NIFTY LARGEMIDCAP 250
NIFTY LARGEMIDCAP 250,12 Jan 2026,16604.8,16643.65,16400.1,16626.0,NIFTY LARGEMIDCAP 250
NIFTY LARGEMIDCAP 250,09 Jan 2026,16727.4,16802.4,16558.8,16607.05,NIFTY LARGEMIDCAP 250
NIFTY LARGEMIDCAP 250,08 Jan 2026,16997.7,17002.35,16730.25,16746.9,NIFTY LARGEMIDCAP 250
NIFTY LARGEMIDCAP 250,07 Jan 2026,16976.1,17029.0,16950.3,17008.85,NIFTY LARGEMIDCAP 250
NIFTY LARGEMIDCAP 250,06 Jan 2026,17009.8,17035.65,16924.95,16981.05,NIFTY LARGEMIDCAP 250
NIFTY LARGEMIDCAP 250,05 Jan 2026,17068.8,17077.75,16961.7,17013.65,NIFTY LARGEMIDCAP 250
NIFTY LARGEMIDCAP 250,02 Jan 2026,16926.75,17049.2,16913.8,17043.75,NIFTY LARGEMIDCAP 250
NIFTY LARGEMIDCAP 250,01 Jan 2026,16887.7,16908.55,16825.35,16900.55,NIFTY LARGEMIDCAP 250
NIFTY MICROCAP 250,24 Mar 2026,19453.4,19642.4,19111.1,19553.75,NIFTY MICROCAP 250
NIFTY MICROCAP 250,23 Mar 2026,19711.85,19715.9,18952.05,19006.9,NIFTY MICROCAP 250
NIFTY MICROCAP 250,20 Mar 2026,19922.2,20158.25,19891.35,19927.5,NIFTY MICROCAP 250
NIFTY MICROCAP 250,19 Mar 2026,20003.1,20098.1,19732.1,19755.35,NIFTY MICROCAP 250
NIFTY MICROCAP 250,18 Mar 2026,19857.35,20421.95,19837.95,20325.85,NIFTY MICROCAP 250
NIFTY MICROCAP 250,17 Mar 2026,19691.0,19839.95,19541.7,19794.55,NIFTY MICROCAP 250
NIFTY MICROCAP 250,16 Mar 2026,19691.85,19746.05,19304.65,19600.2,NIFTY MICROCAP 250
NIFTY MICROCAP 250,13 Mar 2026,20229.15,20249.05,19682.05,19719.6,NIFTY MICROCAP 250
NIFTY MICROCAP 250,12 Mar 2026,20283.2,20476.9,19948.9,20309.75,NIFTY MICROCAP 250
NIFTY MICROCAP 250,11 Mar 2026,20502.65,20742.95,20324.2,20372.7,NIFTY MICROCAP 250
NIFTY MICROCAP 250,10 Mar 2026,20205.3,20430.15,20073.6,20395.35,NIFTY MICROCAP 250
NIFTY MICROCAP 250,09 Mar 2026,20066.15,20104.3,19650.3,19919.95,NIFTY MICROCAP 250
NIFTY MICROCAP 250,06 Mar 2026,20469.0,20666.25,20447.65,20465.35,NIFTY MICROCAP 250
NIFTY MICROCAP 250,05 Mar 2026,20387.9,20519.85,20254.1,20484.25,NIFTY MICROCAP 250
NIFTY MICROCAP 250,04 Mar 2026,20497.4,20521.25,20187.1,20272.6,NIFTY MICROCAP 250
NIFTY MICROCAP 250,02 Mar 2026,20358.05,21106.95,20357.3,20824.55,NIFTY MICROCAP 250
NIFTY MICROCAP 250,27 Feb 2026,21525.15,21528.35,21264.95,21297.3,NIFTY MICROCAP 250
NIFTY MICROCAP 250,26 Feb 2026,21522.65,21679.7,21457.55,21528.5,NIFTY MICROCAP 250
NIFTY MICROCAP 250,25 Feb 2026,21521.5,21583.9,21377.55,21473.15,NIFTY MICROCAP 250
NIFTY MICROCAP 250,24 Feb 2026,21647.1,21648.5,21313.15,21433.75,NIFTY MICROCAP 250
NIFTY MICROCAP 250,23 Feb 2026,21810.95,21943.15,21653.5,21709.7,NIFTY MICROCAP 250
NIFTY MICROCAP 250,20 Feb 2026,21686.85,21742.9,21537.9,21679.05,NIFTY MICROCAP 250
NIFTY MICROCAP 250,19 Feb 2026,22065.4,22098.6,21655.0,21712.35,NIFTY MICROCAP 250
NIFTY MICROCAP 250,18 Feb 2026,22009.1,22098.9,21966.8,22024.15,NIFTY MICROCAP 250
NIFTY MICROCAP 250,17 Feb 2026,21744.05,22001.9,21683.1,21961.3,NIFTY MICROCAP 250
NIFTY MICROCAP 250,16 Feb 2026,21838.2,21858.55,21676.7,21745.7,NIFTY MICROCAP 250
NIFTY MICROCAP 250,13 Feb 2026,22057.2,22075.55,21771.25,21907.4,NIFTY MICROCAP 250
NIFTY MICROCAP 250,12 Feb 2026,22333.65,22334.1,22161.15,22232.9,NIFTY MICROCAP 250
NIFTY MICROCAP 250,11 Feb 2026,22508.65,22512.1,22260.6,22343.55,NIFTY MICROCAP 250
NIFTY MICROCAP 250,10 Feb 2026,22302.85,22504.55,22260.7,22459.6,NIFTY MICROCAP 250
NIFTY MICROCAP 250,09 Feb 2026,21841.1,22268.9,21813.75,22237.4,NIFTY MICROCAP 250
NIFTY MICROCAP 250,06 Feb 2026,21793.6,21801.8,21518.7,21676.0,NIFTY MICROCAP 250
NIFTY MICROCAP 250,05 Feb 2026,22050.95,22052.3,21730.4,21849.0,NIFTY MICROCAP 250
NIFTY MICROCAP 250,04 Feb 2026,21779.7,22089.55,21666.6,22069.8,NIFTY MICROCAP 250
NIFTY MICROCAP 250,03 Feb 2026,22058.8,22062.7,21580.65,21783.1,NIFTY MICROCAP 250
NIFTY MICROCAP 250,02 Feb 2026,20932.4,21060.35,20541.35,21001.55,NIFTY MICROCAP 250
NIFTY MICROCAP 250,01 Feb 2026,21278.4,21424.4,20724.0,20973.2,NIFTY MICROCAP 250
NIFTY MICROCAP 250,30 Jan 2026,20739.45,21332.1,20596.4,21268.75,NIFTY MICROCAP 250
NIFTY MICROCAP 250,29 Jan 2026,21030.15,21044.25,20666.5,20890.05,NIFTY MICROCAP 250
NIFTY MICROCAP 250,28 Jan 2026,20626.9,21015.0,20626.3,20969.55,NIFTY MICROCAP 250
NIFTY MICROCAP 250,27 Jan 2026,20581.35,20660.35,20181.75,20554.75,NIFTY MICROCAP 250
NIFTY MICROCAP 250,23 Jan 2026,21062.95,21065.1,20465.9,20526.1,NIFTY MICROCAP 250
NIFTY MICROCAP 250,22 Jan 2026,20853.85,21075.95,20817.4,20975.9,NIFTY MICROCAP 250
NIFTY MICROCAP 250,21 Jan 2026,20735.8,20857.5,20385.25,20653.1,NIFTY MICROCAP 250
NIFTY MICROCAP 250,20 Jan 2026,21389.8,21394.0,20763.4,20823.25,NIFTY MICROCAP 250
NIFTY MICROCAP 250,19 Jan 2026,21591.35,21591.4,21365.1,21394.3,NIFTY MICROCAP 250
NIFTY MICROCAP 250,16 Jan 2026,21798.45,21886.5,21576.3,21684.8,NIFTY MICROCAP 250
NIFTY MICROCAP 250,14 Jan 2026,21744.25,21842.25,21672.1,21769.9,NIFTY MICROCAP 250
NIFTY MICROCAP 250,13 Jan 2026,21801.3,21910.25,21674.75,21781.7,NIFTY MICROCAP 250
NIFTY MICROCAP 250,12 Jan 2026,21865.55,21866.05,21363.9,21705.6,NIFTY MICROCAP 250
NIFTY MICROCAP 250,09 Jan 2026,22227.55,22301.05,21868.3,21890.3,NIFTY MICROCAP 250
NIFTY MICROCAP 250,08 Jan 2026,22695.65,22729.25,22241.4,22278.0,NIFTY MICROCAP 250
NIFTY MICROCAP 250,07 Jan 2026,22692.45,22749.95,22631.1,22712.4,NIFTY MICROCAP 250
NIFTY MICROCAP 250,06 Jan 2026,22886.6,22893.3,22651.75,22707.1,NIFTY MICROCAP 250
NIFTY MICROCAP 250,05 Jan 2026,22871.45,22925.4,22724.0,22860.3,NIFTY MICROCAP 250
NIFTY MICROCAP 250,02 Jan 2026,22622.2,22819.55,22571.2,22799.85,NIFTY MICROCAP 250
NIFTY MICROCAP 250,01 Jan 2026,22573.7,22619.0,22481.8,22593.3,NIFTY MICROCAP 250
NIFTY MIDCAP 150,24 Mar 2026,19869.15,20006.7,19528.4,19931.5,NIFTY MIDCAP 150
NIFTY MIDCAP 150,23 Mar 2026,20007.65,20007.65,19384.45,19445.75,NIFTY MIDCAP 150
NIFTY MIDCAP 150,20 Mar 2026,20257.35,20484.7,20196.1,20226.9,NIFTY MIDCAP 150
NIFTY MIDCAP 150,19 Mar 2026,20424.65,20434.35,20030.55,20108.95,NIFTY MIDCAP 150
NIFTY MIDCAP 150,18 Mar 2026,20412.75,20820.35,20383.4,20746.8,NIFTY MIDCAP 150
NIFTY MIDCAP 150,17 Mar 2026,20255.55,20415.7,20103.4,20366.95,NIFTY MIDCAP 150
NIFTY MIDCAP 150,16 Mar 2026,20188.25,20295.55,19824.95,20158.45,NIFTY MIDCAP 150
NIFTY MIDCAP 150,13 Mar 2026,20698.25,20740.7,20186.25,20233.0,NIFTY MIDCAP 150
NIFTY MIDCAP 150,12 Mar 2026,20720.85,20933.25,20442.1,20790.9,NIFTY MIDCAP 150
NIFTY MIDCAP 150,11 Mar 2026,21142.6,21247.4,20797.0,20839.35,NIFTY MIDCAP 150
NIFTY MIDCAP 150,10 Mar 2026,21023.9,21134.45,20872.75,21079.75,NIFTY MIDCAP 150
NIFTY MIDCAP 150,09 Mar 2026,20790.05,20793.75,20423.55,20749.45,NIFTY MIDCAP 150
NIFTY MIDCAP 150,06 Mar 2026,21286.75,21437.8,21164.05,21181.8,NIFTY MIDCAP 150
NIFTY MIDCAP 150,05 Mar 2026,21142.0,21371.4,21041.2,21326.0,NIFTY MIDCAP 150
NIFTY MIDCAP 150,04 Mar 2026,21164.75,21180.7,20850.0,21004.95,NIFTY MIDCAP 150
NIFTY MIDCAP 150,02 Mar 2026,21079.85,21712.0,21075.45,21476.25,NIFTY MIDCAP 150
NIFTY MIDCAP 150,27 Feb 2026,22065.1,22076.05,21809.75,21847.35,NIFTY MIDCAP 150
NIFTY MIDCAP 150,26 Feb 2026,22005.25,22112.55,21948.0,22087.15,NIFTY MIDCAP 150
NIFTY MIDCAP 150,25 Feb 2026,21901.8,21985.65,21822.35,21959.05,NIFTY MIDCAP 150
NIFTY MIDCAP 150,24 Feb 2026,21820.3,21864.35,21611.2,21820.2,NIFTY MIDCAP 150
NIFTY MIDCAP 150,23 Feb 2026,21970.55,22012.5,21781.95,21882.1,NIFTY MIDCAP 150
NIFTY MIDCAP 150,20 Feb 2026,21764.55,21981.75,21726.95,21918.2,NIFTY MIDCAP 150
NIFTY MIDCAP 150,19 Feb 2026,22197.95,22213.25,21747.65,21813.4,NIFTY MIDCAP 150
NIFTY MIDCAP 150,18 Feb 2026,22075.8,22176.5,22013.95,22159.95,NIFTY MIDCAP 150
NIFTY MIDCAP 150,17 Feb 2026,21975.95,22060.95,21906.25,22039.7,NIFTY MIDCAP 150
NIFTY MIDCAP 150,16 Feb 2026,21799.0,21994.4,21715.15,21977.2,NIFTY MIDCAP 150
NIFTY MIDCAP 150,13 Feb 2026,22079.55,22080.4,21778.0,21884.35,NIFTY MIDCAP 150
NIFTY MIDCAP 150,12 Feb 2026,22350.4,22351.55,22160.6,22252.4,NIFTY MIDCAP 150
NIFTY MIDCAP 150,11 Feb 2026,22393.4,22393.85,22249.5,22364.4,NIFTY MIDCAP 150
NIFTY MIDCAP 150,10 Feb 2026,22375.4,22405.85,22277.25,22359.75,NIFTY MIDCAP 150
NIFTY MIDCAP 150,09 Feb 2026,22069.75,22288.85,22023.15,22272.0,NIFTY MIDCAP 150
NIFTY MIDCAP 150,06 Feb 2026,21881.15,21950.1,21663.3,21926.85,NIFTY MIDCAP 150
NIFTY MIDCAP 150,05 Feb 2026,21997.45,21997.45,21777.6,21931.5,NIFTY MIDCAP 150
NIFTY MIDCAP 150,04 Feb 2026,21852.05,22023.05,21699.45,22002.0,NIFTY MIDCAP 150
NIFTY MIDCAP 150,03 Feb 2026,22110.25,22233.85,21753.75,21869.85,NIFTY MIDCAP 150
NIFTY MIDCAP 150,02 Feb 2026,21040.25,21313.45,20768.1,21249.35,NIFTY MIDCAP 150
NIFTY MIDCAP 150,01 Feb 2026,21499.6,21562.1,20703.95,21041.8,NIFTY MIDCAP 150
NIFTY MIDCAP 150,30 Jan 2026,21353.8,21539.35,21225.45,21490.9,NIFTY MIDCAP 150
NIFTY MIDCAP 150,29 Jan 2026,21520.95,21536.3,21301.65,21483.65,NIFTY MIDCAP 150
NIFTY MIDCAP 150,28 Jan 2026,21200.65,21486.65,21191.0,21460.95,NIFTY MIDCAP 150
NIFTY MIDCAP 150,27 Jan 2026,21076.85,21185.8,20807.9,21119.1,NIFTY MIDCAP 150
NIFTY MIDCAP 150,23 Jan 2026,21451.75,21453.75,20976.0,21008.55,NIFTY MIDCAP 150
NIFTY MIDCAP 150,22 Jan 2026,21308.0,21509.8,21232.25,21376.0,NIFTY MIDCAP 150
NIFTY MIDCAP 150,21 Jan 2026,21262.95,21367.55,20842.45,21118.45,NIFTY MIDCAP 150
NIFTY MIDCAP 150,20 Jan 2026,21867.55,21869.65,21265.0,21334.6,NIFTY MIDCAP 150
NIFTY MIDCAP 150,19 Jan 2026,21925.65,21986.0,21833.0,21878.45,NIFTY MIDCAP 150
NIFTY MIDCAP 150,16 Jan 2026,21991.55,22133.05,21924.3,21975.1,NIFTY MIDCAP 150
NIFTY MIDCAP 150,14 Jan 2026,21887.4,22010.95,21833.1,21965.45,NIFTY MIDCAP 150
NIFTY MIDCAP 150,13 Jan 2026,22030.6,22106.8,21741.15,21918.7,NIFTY MIDCAP 150
NIFTY MIDCAP 150,12 Jan 2026,21986.9,22003.6,21632.35,21948.85,NIFTY MIDCAP 150
NIFTY MIDCAP 150,09 Jan 2026,22162.15,22274.25,21912.9,21985.9,NIFTY MIDCAP 150
NIFTY MIDCAP 150,08 Jan 2026,22604.4,22607.2,22150.85,22180.55,NIFTY MIDCAP 150
NIFTY MIDCAP 150,07 Jan 2026,22518.75,22650.05,22480.65,22606.5,NIFTY MIDCAP 150
NIFTY MIDCAP 150,06 Jan 2026,22582.5,22586.7,22417.1,22510.6,NIFTY MIDCAP 150
NIFTY MIDCAP 150,05 Jan 2026,22635.8,22648.45,22460.35,22555.45,NIFTY MIDCAP 150
NIFTY MIDCAP 150,02 Jan 2026,22424.6,22592.4,22390.3,22579.05,NIFTY MIDCAP 150
NIFTY MIDCAP 150,01 Jan 2026,22324.15,22379.1,22211.05,22369.15,NIFTY MIDCAP 150
NIFTY MIDCAP 50,24 Mar 2026,15322.85,15477.35,15079.55,15411.75,NIFTY MIDCAP 50
NIFTY MIDCAP 50,23 Mar 2026,15405.45,15405.45,14956.15,15000.5,NIFTY MIDCAP 50
NIFTY MIDCAP 50,20 Mar 2026,15572.4,15759.05,15549.15,15572.6,NIFTY MIDCAP 50
NIFTY MIDCAP 50,19 Mar 2026,15709.35,15730.75,15385.7,15458.0,NIFTY MIDCAP 50
NIFTY MIDCAP 50,18 Mar 2026,15686.95,16042.3,15685.55,15983.45,NIFTY MIDCAP 50
NIFTY MIDCAP 50,17 Mar 2026,15570.75,15692.3,15444.75,15656.75,NIFTY MIDCAP 50
NIFTY MIDCAP 50,16 Mar 2026,15487.2,15610.9,15259.8,15497.0,NIFTY MIDCAP 50
NIFTY MIDCAP 50,13 Mar 2026,15837.3,15870.45,15472.45,15523.7,NIFTY MIDCAP 50
NIFTY MIDCAP 50,12 Mar 2026,15896.4,16047.3,15684.4,15922.2,NIFTY MIDCAP 50
NIFTY MIDCAP 50,11 Mar 2026,16297.05,16359.05,15961.15,15991.65,NIFTY MIDCAP 50
NIFTY MIDCAP 50,10 Mar 2026,16217.6,16308.6,16096.85,16262.25,NIFTY MIDCAP 50
NIFTY MIDCAP 50,09 Mar 2026,15991.25,16038.2,15732.65,16005.45,NIFTY MIDCAP 50
NIFTY MIDCAP 50,06 Mar 2026,16413.3,16529.05,16283.55,16300.85,NIFTY MIDCAP 50
NIFTY MIDCAP 50,05 Mar 2026,16332.35,16490.25,16234.85,16441.55,NIFTY MIDCAP 50
NIFTY MIDCAP 50,04 Mar 2026,16290.9,16310.15,16084.5,16198.95,NIFTY MIDCAP 50
NIFTY MIDCAP 50,02 Mar 2026,16201.9,16705.65,16197.8,16520.35,NIFTY MIDCAP 50
NIFTY MIDCAP 50,27 Feb 2026,16944.0,16963.2,16737.2,16765.6,NIFTY MIDCAP 50
NIFTY MIDCAP 50,26 Feb 2026,16865.45,16965.4,16839.1,16945.05,NIFTY MIDCAP 50
NIFTY MIDCAP 50,25 Feb 2026,16787.95,16871.35,16717.45,16828.7,NIFTY MIDCAP 50
NIFTY MIDCAP 50,24 Feb 2026,16720.8,16758.0,16548.95,16718.75,NIFTY MIDCAP 50
NIFTY MIDCAP 50,23 Feb 2026,16912.65,16925.0,16710.05,16772.4,NIFTY MIDCAP 50
NIFTY MIDCAP 50,20 Feb 2026,16811.35,16964.5,16783.85,16912.35,NIFTY MIDCAP 50
NIFTY MIDCAP 50,19 Feb 2026,17146.95,17159.45,16796.1,16844.25,NIFTY MIDCAP 50
NIFTY MIDCAP 50,18 Feb 2026,17081.1,17133.4,17026.0,17123.45,NIFTY MIDCAP 50
NIFTY MIDCAP 50,17 Feb 2026,17021.95,17078.2,16969.6,17048.95,NIFTY MIDCAP 50
NIFTY MIDCAP 50,16 Feb 2026,16867.9,17040.85,16793.25,17025.7,NIFTY MIDCAP 50
NIFTY MIDCAP 50,13 Feb 2026,17095.9,17104.35,16880.45,16960.45,NIFTY MIDCAP 50
NIFTY MIDCAP 50,12 Feb 2026,17323.3,17325.45,17184.7,17251.5,NIFTY MIDCAP 50
NIFTY MIDCAP 50,11 Feb 2026,17325.2,17349.55,17250.35,17330.05,NIFTY MIDCAP 50
NIFTY MIDCAP 50,10 Feb 2026,17344.1,17346.45,17249.9,17303.95,NIFTY MIDCAP 50
NIFTY MIDCAP 50,09 Feb 2026,17128.65,17266.2,17084.05,17249.15,NIFTY MIDCAP 50
NIFTY MIDCAP 50,06 Feb 2026,17029.1,17043.5,16838.05,17023.3,NIFTY MIDCAP 50
NIFTY MIDCAP 50,05 Feb 2026,17120.05,17120.5,16946.05,17084.95,NIFTY MIDCAP 50
NIFTY MIDCAP 50,04 Feb 2026,16988.1,17149.15,16848.0,17123.4,NIFTY MIDCAP 50
NIFTY MIDCAP 50,03 Feb 2026,17221.15,17368.85,16944.2,17013.2,NIFTY MIDCAP 50
NIFTY MIDCAP 50,02 Feb 2026,16357.35,16585.85,16185.05,16549.3,NIFTY MIDCAP 50
NIFTY MIDCAP 50,01 Feb 2026,16709.6,16757.35,16038.55,16349.4,NIFTY MIDCAP 50
NIFTY MIDCAP 50,30 Jan 2026,16642.95,16751.5,16542.8,16693.25,NIFTY MIDCAP 50
NIFTY MIDCAP 50,29 Jan 2026,16731.1,16749.75,16578.2,16736.25,NIFTY MIDCAP 50
NIFTY MIDCAP 50,28 Jan 2026,16495.85,16722.85,16481.55,16703.05,NIFTY MIDCAP 50
NIFTY MIDCAP 50,27 Jan 2026,16401.35,16480.65,16208.7,16431.35,NIFTY MIDCAP 50
NIFTY MIDCAP 50,23 Jan 2026,16740.9,16742.4,16320.5,16348.15,NIFTY MIDCAP 50
NIFTY MIDCAP 50,22 Jan 2026,16596.4,16788.45,16540.9,16672.0,NIFTY MIDCAP 50
NIFTY MIDCAP 50,21 Jan 2026,16579.9,16679.75,16228.75,16453.55,NIFTY MIDCAP 50
NIFTY MIDCAP 50,20 Jan 2026,17097.25,17097.3,16582.6,16635.8,NIFTY MIDCAP 50
NIFTY MIDCAP 50,19 Jan 2026,17118.35,17163.0,17032.45,17103.0,NIFTY MIDCAP 50
NIFTY MIDCAP 50,16 Jan 2026,17078.65,17259.15,17078.65,17146.2,NIFTY MIDCAP 50
NIFTY MIDCAP 50,14 Jan 2026,17001.85,17108.8,16959.5,17054.25,NIFTY MIDCAP 50
NIFTY MIDCAP 50,13 Jan 2026,17147.85,17193.1,16886.85,17034.0,NIFTY MIDCAP 50
NIFTY MIDCAP 50,12 Jan 2026,17100.55,17134.95,16842.0,17085.4,NIFTY MIDCAP 50
NIFTY MIDCAP 50,09 Jan 2026,17209.6,17311.0,17031.8,17096.5,NIFTY MIDCAP 50
NIFTY MIDCAP 50,08 Jan 2026,17530.65,17536.15,17199.3,17215.45,NIFTY MIDCAP 50
NIFTY MIDCAP 50,07 Jan 2026,17480.25,17572.45,17443.55,17534.35,NIFTY MIDCAP 50
NIFTY MIDCAP 50,06 Jan 2026,17499.5,17519.35,17392.95,17471.35,NIFTY MIDCAP 50
NIFTY MIDCAP 50,05 Jan 2026,17554.7,17555.95,17395.05,17482.3,NIFTY MIDCAP 50
NIFTY MIDCAP 50,02 Jan 2026,17390.15,17514.0,17350.8,17505.7,NIFTY MIDCAP 50
NIFTY MIDCAP 50,01 Jan 2026,17288.9,17355.0,17195.8,17342.7,NIFTY MIDCAP 50
NIFTY MIDCAP 100,24 Mar 2026,53878.3,54315.95,52958.8,54087.0,NIFTY MIDCAP 100
NIFTY MIDCAP 100,23 Mar 2026,54242.4,54242.4,52573.55,52717.55,NIFTY MIDCAP 100
NIFTY MIDCAP 100,20 Mar 2026,54903.35,55560.35,54768.55,54855.5,NIFTY MIDCAP 100
NIFTY MIDCAP 100,19 Mar 2026,55391.2,55419.85,54253.7,54492.3,NIFTY MIDCAP 100
NIFTY MIDCAP 100,18 Mar 2026,55289.1,56497.8,55253.3,56289.85,NIFTY MIDCAP 100
NIFTY MIDCAP 100,17 Mar 2026,54880.8,55304.7,54446.05,55174.4,NIFTY MIDCAP 100
NIFTY MIDCAP 100,16 Mar 2026,54652.55,55013.3,53712.55,54614.95,NIFTY MIDCAP 100
NIFTY MIDCAP 100,13 Mar 2026,55997.15,56140.55,54633.6,54761.1,NIFTY MIDCAP 100
NIFTY MIDCAP 100,12 Mar 2026,56142.5,56684.3,55378.65,56253.75,NIFTY MIDCAP 100
NIFTY MIDCAP 100,11 Mar 2026,57335.2,57656.9,56363.4,56461.1,NIFTY MIDCAP 100
NIFTY MIDCAP 100,10 Mar 2026,56993.7,57341.75,56573.3,57177.65,NIFTY MIDCAP 100
NIFTY MIDCAP 100,09 Mar 2026,56328.8,56362.8,55341.7,56265.5,NIFTY MIDCAP 100
NIFTY MIDCAP 100,06 Mar 2026,57692.15,58104.5,57336.55,57393.35,NIFTY MIDCAP 100
NIFTY MIDCAP 100,05 Mar 2026,57330.6,57946.45,57014.7,57792.55,NIFTY MIDCAP 100
NIFTY MIDCAP 100,04 Mar 2026,57339.25,57399.0,56505.3,56925.15,NIFTY MIDCAP 100
NIFTY MIDCAP 100,02 Mar 2026,57090.8,58814.35,57074.75,58180.5,NIFTY MIDCAP 100
NIFTY MIDCAP 100,27 Feb 2026,59746.4,59774.9,59014.1,59115.6,NIFTY MIDCAP 100
NIFTY MIDCAP 100,26 Feb 2026,59542.55,59879.55,59404.75,59798.15,NIFTY MIDCAP 100
NIFTY MIDCAP 100,25 Feb 2026,59280.0,59528.15,59051.6,59406.1,NIFTY MIDCAP 100
NIFTY MIDCAP 100,24 Feb 2026,59091.45,59199.35,58489.15,59066.35,NIFTY MIDCAP 100
NIFTY MIDCAP 100,23 Feb 2026,59612.8,59698.5,59014.3,59255.65,NIFTY MIDCAP 100
NIFTY MIDCAP 100,20 Feb 2026,59087.75,59690.5,58989.75,59513.95,NIFTY MIDCAP 100
NIFTY MIDCAP 100,19 Feb 2026,60278.45,60341.7,59038.8,59227.65,NIFTY MIDCAP 100
NIFTY MIDCAP 100,18 Feb 2026,59984.3,60227.3,59807.3,60183.2,NIFTY MIDCAP 100
NIFTY MIDCAP 100,17 Feb 2026,59713.55,59951.4,59543.7,59881.7,NIFTY MIDCAP 100
NIFTY MIDCAP 100,16 Feb 2026,59166.75,59770.45,58917.3,59723.0,NIFTY MIDCAP 100
NIFTY MIDCAP 100,13 Feb 2026,59978.45,59981.0,59194.25,59438.0,NIFTY MIDCAP 100
NIFTY MIDCAP 100,12 Feb 2026,60695.8,60699.55,60194.1,60470.85,NIFTY MIDCAP 100
NIFTY MIDCAP 100,11 Feb 2026,60812.1,60815.2,60431.65,60754.55,NIFTY MIDCAP 100
NIFTY MIDCAP 100,10 Feb 2026,60723.0,60819.7,60442.4,60735.9,NIFTY MIDCAP 100
NIFTY MIDCAP 100,09 Feb 2026,59896.2,60498.05,59767.55,60441.15,NIFTY MIDCAP 100
NIFTY MIDCAP 100,06 Feb 2026,59400.75,59573.6,58757.8,59502.7,NIFTY MIDCAP 100
NIFTY MIDCAP 100,05 Feb 2026,59662.5,59672.3,59069.65,59517.1,NIFTY MIDCAP 100
NIFTY MIDCAP 100,04 Feb 2026,59242.05,59769.5,58794.35,59683.6,NIFTY MIDCAP 100
NIFTY MIDCAP 100,03 Feb 2026,60026.8,60456.8,59034.7,59307.1,NIFTY MIDCAP 100
NIFTY MIDCAP 100,02 Feb 2026,57128.6,57826.85,56381.35,57667.6,NIFTY MIDCAP 100
NIFTY MIDCAP 100,01 Feb 2026,58435.7,58650.15,56126.55,57120.8,NIFTY MIDCAP 100
NIFTY MIDCAP 100,30 Jan 2026,58151.6,58628.85,57769.45,58432.0,NIFTY MIDCAP 100
NIFTY MIDCAP 100,29 Jan 2026,58574.3,58614.9,58006.4,58541.0,NIFTY MIDCAP 100
NIFTY MIDCAP 100,28 Jan 2026,57714.9,58508.95,57678.55,58438.6,NIFTY MIDCAP 100
NIFTY MIDCAP 100,27 Jan 2026,57358.85,57663.5,56671.4,57483.65,NIFTY MIDCAP 100
NIFTY MIDCAP 100,23 Jan 2026,58410.35,58416.2,57048.9,57145.65,NIFTY MIDCAP 100
NIFTY MIDCAP 100,22 Jan 2026,57962.6,58568.95,57755.75,58191.3,NIFTY MIDCAP 100
NIFTY MIDCAP 100,21 Jan 2026,57900.75,58239.3,56681.1,57423.65,NIFTY MIDCAP 100
NIFTY MIDCAP 100,20 Jan 2026,59626.4,59634.6,57898.65,58085.35,NIFTY MIDCAP 100
NIFTY MIDCAP 100,19 Jan 2026,59739.55,59938.7,59480.3,59647.65,NIFTY MIDCAP 100
NIFTY MIDCAP 100,16 Jan 2026,59850.95,60327.9,59715.05,59867.8,NIFTY MIDCAP 100
NIFTY MIDCAP 100,14 Jan 2026,59498.7,59889.25,59350.15,59770.5,NIFTY MIDCAP 100
NIFTY MIDCAP 100,13 Jan 2026,59942.5,60109.75,59071.5,59597.8,NIFTY MIDCAP 100
NIFTY MIDCAP 100,12 Jan 2026,59768.35,59845.15,58827.9,59717.1,NIFTY MIDCAP 100
NIFTY MIDCAP 100,09 Jan 2026,60194.05,60562.35,59500.55,59748.15,NIFTY MIDCAP 100
NIFTY MIDCAP 100,08 Jan 2026,61415.55,61437.25,60144.95,60222.55,NIFTY MIDCAP 100
NIFTY MIDCAP 100,07 Jan 2026,61178.55,61548.85,61082.7,61424.7,NIFTY MIDCAP 100
NIFTY MIDCAP 100,06 Jan 2026,61347.5,61393.3,60866.3,61148.55,NIFTY MIDCAP 100
NIFTY MIDCAP 100,05 Jan 2026,61516.4,61520.6,60970.55,61265.7,NIFTY MIDCAP 100
NIFTY MIDCAP 100,02 Jan 2026,60913.1,61398.4,60809.2,61365.9,NIFTY MIDCAP 100
NIFTY MIDCAP 100,01 Jan 2026,60625.15,60782.25,60292.75,60750.45,NIFTY MIDCAP 100
NIFTY MIDCAP SELECT,24 Mar 2026,12453.95,12581.1,12231.4,12532.4,NIFTY MIDCAP SELECT
NIFTY MIDCAP SELECT,23 Mar 2026,12483.7,12483.7,12139.55,12183.55,NIFTY MIDCAP SELECT
NIFTY MIDCAP SELECT,20 Mar 2026,12625.4,12769.85,12581.45,12625.9,NIFTY MIDCAP SELECT
NIFTY MIDCAP SELECT,19 Mar 2026,12751.45,12780.15,12454.05,12517.0,NIFTY MIDCAP SELECT
NIFTY MIDCAP SELECT,18 Mar 2026,12764.9,13039.55,12763.25,12980.55,NIFTY MIDCAP SELECT
NIFTY MIDCAP SELECT,17 Mar 2026,12681.8,12771.85,12577.7,12736.3,NIFTY MIDCAP SELECT
NIFTY MIDCAP SELECT,16 Mar 2026,12572.35,12701.35,12402.1,12615.25,NIFTY MIDCAP SELECT
NIFTY MIDCAP SELECT,13 Mar 2026,12884.65,12917.65,12579.5,12618.5,NIFTY MIDCAP SELECT
NIFTY MIDCAP SELECT,12 Mar 2026,12884.2,13068.65,12701.8,12961.15,NIFTY MIDCAP SELECT
NIFTY MIDCAP SELECT,11 Mar 2026,13237.15,13296.05,12936.65,12961.9,NIFTY MIDCAP SELECT
NIFTY MIDCAP SELECT,10 Mar 2026,13147.25,13242.25,13028.85,13209.5,NIFTY MIDCAP SELECT
NIFTY MIDCAP SELECT,09 Mar 2026,12910.85,12971.6,12681.1,12942.3,NIFTY MIDCAP SELECT
NIFTY MIDCAP SELECT,06 Mar 2026,13246.8,13324.5,13153.1,13166.9,NIFTY MIDCAP SELECT
NIFTY MIDCAP SELECT,05 Mar 2026,13161.15,13314.0,13067.8,13260.5,NIFTY MIDCAP SELECT
NIFTY MIDCAP SELECT,04 Mar 2026,13097.7,13112.2,12929.0,13034.35,NIFTY MIDCAP SELECT
NIFTY MIDCAP SELECT,02 Mar 2026,13039.7,13450.65,13037.55,13289.85,NIFTY MIDCAP SELECT
NIFTY MIDCAP SELECT,27 Feb 2026,13645.35,13674.2,13467.05,13491.45,NIFTY MIDCAP SELECT
NIFTY MIDCAP SELECT,26 Feb 2026,13591.95,13690.3,13559.3,13652.95,NIFTY MIDCAP SELECT
NIFTY MIDCAP SELECT,25 Feb 2026,13506.1,13596.8,13462.65,13558.55,NIFTY MIDCAP SELECT
NIFTY MIDCAP SELECT,24 Feb 2026,13440.6,13483.55,13305.45,13448.65,NIFTY MIDCAP SELECT
NIFTY MIDCAP SELECT,23 Feb 2026,13560.4,13582.9,13422.5,13477.75,NIFTY MIDCAP SELECT
NIFTY MIDCAP SELECT,20 Feb 2026,13407.55,13526.0,13382.85,13476.0,NIFTY MIDCAP SELECT
NIFTY MIDCAP SELECT,19 Feb 2026,13740.05,13750.4,13400.1,13442.5,NIFTY MIDCAP SELECT
NIFTY MIDCAP SELECT,18 Feb 2026,13693.0,13746.45,13654.45,13729.55,NIFTY MIDCAP SELECT
NIFTY MIDCAP SELECT,17 Feb 2026,13648.85,13700.45,13597.25,13664.35,NIFTY MIDCAP SELECT
NIFTY MIDCAP SELECT,16 Feb 2026,13536.2,13657.45,13444.25,13641.75,NIFTY MIDCAP SELECT
NIFTY MIDCAP SELECT,13 Feb 2026,13750.5,13763.2,13580.6,13628.35,NIFTY MIDCAP SELECT
NIFTY MIDCAP SELECT,12 Feb 2026,13934.8,13935.3,13835.95,13893.5,NIFTY MIDCAP SELECT
NIFTY MIDCAP SELECT,11 Feb 2026,13969.4,13977.4,13900.2,13952.8,NIFTY MIDCAP SELECT
NIFTY MIDCAP SELECT,10 Feb 2026,13966.65,13970.8,13890.45,13953.1,NIFTY MIDCAP SELECT
NIFTY MIDCAP SELECT,09 Feb 2026,13738.55,13886.65,13717.8,13868.65,NIFTY MIDCAP SELECT
NIFTY MIDCAP SELECT,06 Feb 2026,13657.25,13670.0,13488.8,13644.9,NIFTY MIDCAP SELECT
NIFTY MIDCAP SELECT,05 Feb 2026,13713.75,13725.9,13582.35,13700.5,NIFTY MIDCAP SELECT
NIFTY MIDCAP SELECT,04 Feb 2026,13630.3,13738.3,13507.5,13721.85,NIFTY MIDCAP SELECT
NIFTY MIDCAP SELECT,03 Feb 2026,13857.8,13968.0,13585.95,13655.65,NIFTY MIDCAP SELECT
NIFTY MIDCAP SELECT,02 Feb 2026,13050.1,13288.05,12925.2,13257.05,NIFTY MIDCAP SELECT
NIFTY MIDCAP SELECT,01 Feb 2026,13408.45,13439.2,12795.55,13020.25,NIFTY MIDCAP SELECT
NIFTY MIDCAP SELECT,30 Jan 2026,13360.35,13462.15,13273.8,13400.05,NIFTY MIDCAP SELECT
NIFTY MIDCAP SELECT,29 Jan 2026,13415.55,13433.9,13270.35,13424.35,NIFTY MIDCAP SELECT
NIFTY MIDCAP SELECT,28 Jan 2026,13191.7,13402.1,13176.9,13381.9,NIFTY MIDCAP SELECT
NIFTY MIDCAP SELECT,27 Jan 2026,13119.2,13181.05,12935.1,13137.9,NIFTY MIDCAP SELECT
NIFTY MIDCAP SELECT,23 Jan 2026,13388.3,13388.9,13044.05,13066.65,NIFTY MIDCAP SELECT
NIFTY MIDCAP SELECT,22 Jan 2026,13286.9,13423.8,13204.9,13325.45,NIFTY MIDCAP SELECT
NIFTY MIDCAP SELECT,21 Jan 2026,13271.0,13346.05,12985.5,13155.05,NIFTY MIDCAP SELECT
NIFTY MIDCAP SELECT,20 Jan 2026,13656.65,13658.5,13261.45,13307.9,NIFTY MIDCAP SELECT
NIFTY MIDCAP SELECT,19 Jan 2026,13682.3,13702.8,13589.35,13655.2,NIFTY MIDCAP SELECT
NIFTY MIDCAP SELECT,16 Jan 2026,13727.5,13844.8,13657.85,13697.85,NIFTY MIDCAP SELECT
NIFTY MIDCAP SELECT,14 Jan 2026,13624.75,13742.6,13590.8,13705.9,NIFTY MIDCAP SELECT
NIFTY MIDCAP SELECT,13 Jan 2026,13750.8,13775.6,13529.6,13649.25,NIFTY MIDCAP SELECT
NIFTY MIDCAP SELECT,12 Jan 2026,13681.4,13721.85,13491.65,13696.95,NIFTY MIDCAP SELECT
NIFTY MIDCAP SELECT,09 Jan 2026,13775.75,13843.45,13619.15,13676.7,NIFTY MIDCAP SELECT
NIFTY MIDCAP SELECT,08 Jan 2026,14049.25,14054.2,13739.2,13759.6,NIFTY MIDCAP SELECT
NIFTY MIDCAP SELECT,07 Jan 2026,13963.45,14080.25,13927.55,14053.4,NIFTY MIDCAP SELECT
NIFTY MIDCAP SELECT,06 Jan 2026,13989.5,14023.4,13898.45,13957.1,NIFTY MIDCAP SELECT
NIFTY MIDCAP SELECT,05 Jan 2026,14015.1,14037.5,13884.8,13968.0,NIFTY MIDCAP SELECT
NIFTY MIDCAP SELECT,02 Jan 2026,13884.3,13995.4,13847.05,13984.0,NIFTY MIDCAP SELECT
NIFTY MIDCAP SELECT,01 Jan 2026,13809.85,13852.4,13729.2,13843.6,NIFTY MIDCAP SELECT
NIFTY NEXT 50,24 Mar 2026,62668.15,62876.2,61349.35,62360.7,NIFTY NEXT 50
NIFTY NEXT 50,23 Mar 2026,63236.75,63238.65,61272.25,61414.9,NIFTY NEXT 50
NIFTY NEXT 50,20 Mar 2026,64035.75,64918.35,63744.65,63862.3,NIFTY NEXT 50
NIFTY NEXT 50,19 Mar 2026,64706.75,64706.75,63319.75,63573.8,NIFTY NEXT 50
NIFTY NEXT 50,18 Mar 2026,65200.5,65883.4,65050.65,65668.5,NIFTY NEXT 50
NIFTY NEXT 50,17 Mar 2026,64722.05,65161.4,64261.3,65021.6,NIFTY NEXT 50
NIFTY NEXT 50,16 Mar 2026,64621.55,64969.5,63525.5,64462.3,NIFTY NEXT 50
NIFTY NEXT 50,13 Mar 2026,66132.2,66429.5,64578.75,64691.45,NIFTY NEXT 50
NIFTY NEXT 50,12 Mar 2026,66119.0,66815.25,65299.0,66424.55,NIFTY NEXT 50
NIFTY NEXT 50,11 Mar 2026,67375.9,67765.4,66363.7,66498.65,NIFTY NEXT 50
NIFTY NEXT 50,10 Mar 2026,66929.7,67391.35,66431.6,67227.95,NIFTY NEXT 50
NIFTY NEXT 50,09 Mar 2026,66198.25,66202.4,64998.8,66070.65,NIFTY NEXT 50
NIFTY NEXT 50,06 Mar 2026,67559.05,68078.3,67392.9,67476.65,NIFTY NEXT 50
NIFTY NEXT 50,05 Mar 2026,67102.85,67893.4,67036.7,67722.2,NIFTY NEXT 50
NIFTY NEXT 50,04 Mar 2026,67555.3,67575.1,66480.7,66799.4,NIFTY NEXT 50
NIFTY NEXT 50,02 Mar 2026,67393.3,69144.45,67352.55,68650.25,NIFTY NEXT 50
NIFTY NEXT 50,27 Feb 2026,70630.1,70630.1,69553.45,69710.9,NIFTY NEXT 50
NIFTY NEXT 50,26 Feb 2026,70534.6,70697.25,70118.55,70628.5,NIFTY NEXT 50
NIFTY NEXT 50,25 Feb 2026,70045.5,70498.75,70014.65,70399.25,NIFTY NEXT 50
NIFTY NEXT 50,24 Feb 2026,69498.35,69948.1,69108.55,69778.45,NIFTY NEXT 50
NIFTY NEXT 50,23 Feb 2026,69844.8,70042.95,69417.85,69723.1,NIFTY NEXT 50
NIFTY NEXT 50,20 Feb 2026,68913.2,69650.0,68862.25,69453.65,NIFTY NEXT 50
NIFTY NEXT 50,19 Feb 2026,70379.8,70439.7,68822.5,69028.75,NIFTY NEXT 50
NIFTY NEXT 50,18 Feb 2026,69964.45,70389.5,69796.7,70334.35,NIFTY NEXT 50
NIFTY NEXT 50,17 Feb 2026,69433.95,69915.2,69255.0,69868.75,NIFTY NEXT 50
NIFTY NEXT 50,16 Feb 2026,68553.85,69588.05,68369.3,69496.75,NIFTY NEXT 50
NIFTY NEXT 50,13 Feb 2026,69374.65,69381.8,68485.5,68826.75,NIFTY NEXT 50
NIFTY NEXT 50,12 Feb 2026,70221.8,70223.65,69605.7,69916.1,NIFTY NEXT 50
NIFTY NEXT 50,11 Feb 2026,70049.0,70386.15,69740.75,70216.55,NIFTY NEXT 50
NIFTY NEXT 50,10 Feb 2026,69941.75,69969.4,69614.15,69829.6,NIFTY NEXT 50
NIFTY NEXT 50,09 Feb 2026,69436.45,69797.45,69107.35,69729.35,NIFTY NEXT 50
NIFTY NEXT 50,06 Feb 2026,68772.65,69128.55,68166.65,69058.4,NIFTY NEXT 50
NIFTY NEXT 50,05 Feb 2026,69078.5,69206.55,68524.65,68970.4,NIFTY NEXT 50
NIFTY NEXT 50,04 Feb 2026,68889.15,69354.65,68098.35,69298.55,NIFTY NEXT 50
NIFTY NEXT 50,03 Feb 2026,69488.65,69884.15,68446.95,68849.4,NIFTY NEXT 50
NIFTY NEXT 50,02 Feb 2026,66452.3,67244.05,65573.75,67073.2,NIFTY NEXT 50
NIFTY NEXT 50,01 Feb 2026,67537.15,67991.9,65300.05,66360.55,NIFTY NEXT 50
NIFTY NEXT 50,30 Jan 2026,68146.85,68153.0,67439.8,67839.85,NIFTY NEXT 50
NIFTY NEXT 50,29 Jan 2026,68300.2,68458.2,67756.35,68409.75,NIFTY NEXT 50
NIFTY NEXT 50,28 Jan 2026,66906.8,68298.0,66872.55,68205.65,NIFTY NEXT 50
NIFTY NEXT 50,27 Jan 2026,66696.6,66896.95,65868.6,66696.55,NIFTY NEXT 50
NIFTY NEXT 50,23 Jan 2026,67829.2,67834.25,66109.75,66260.55,NIFTY NEXT 50
NIFTY NEXT 50,22 Jan 2026,67332.35,67976.4,67194.95,67592.8,NIFTY NEXT 50
NIFTY NEXT 50,21 Jan 2026,66864.35,67310.15,65997.6,66864.45,NIFTY NEXT 50
NIFTY NEXT 50,20 Jan 2026,68642.85,68748.75,66923.15,67110.9,NIFTY NEXT 50
NIFTY NEXT 50,19 Jan 2026,68792.25,69233.7,68516.9,68693.9,NIFTY NEXT 50
NIFTY NEXT 50,16 Jan 2026,68867.35,69358.6,68593.15,68857.9,NIFTY NEXT 50
NIFTY NEXT 50,14 Jan 2026,68446.8,68984.6,68272.6,68786.9,NIFTY NEXT 50
NIFTY NEXT 50,13 Jan 2026,68907.75,69126.65,67946.65,68522.0,NIFTY NEXT 50
NIFTY NEXT 50,12 Jan 2026,68553.65,68770.85,67642.7,68699.05,NIFTY NEXT 50
NIFTY NEXT 50,09 Jan 2026,69059.2,69530.7,68258.75,68492.2,NIFTY NEXT 50
NIFTY NEXT 50,08 Jan 2026,70633.9,70648.35,69077.5,69196.1,NIFTY NEXT 50
NIFTY NEXT 50,07 Jan 2026,70681.9,70833.65,70404.35,70690.6,NIFTY NEXT 50
NIFTY NEXT 50,06 Jan 2026,70529.25,70670.15,70228.8,70602.1,NIFTY NEXT 50
NIFTY NEXT 50,05 Jan 2026,70528.05,70611.85,70129.35,70413.4,NIFTY NEXT 50
NIFTY NEXT 50,02 Jan 2026,69823.65,70461.3,69792.15,70416.9,NIFTY NEXT 50
NIFTY NEXT 50,01 Jan 2026,69523.15,69722.15,69276.8,69675.4,NIFTY NEXT 50
NIFTY SMALLCAP 250,24 Mar 2026,14556.7,14604.1,14240.75,14574.25,NIFTY SMALLCAP 250
NIFTY SMALLCAP 250,23 Mar 2026,14643.45,14643.75,14143.45,14232.85,NIFTY SMALLCAP 250
NIFTY SMALLCAP 250,20 Mar 2026,14870.9,14971.15,14775.1,14791.95,NIFTY SMALLCAP 250
NIFTY SMALLCAP 250,19 Mar 2026,14926.65,14968.9,14717.45,14753.25,NIFTY SMALLCAP 250
NIFTY SMALLCAP 250,18 Mar 2026,14942.65,15206.55,14920.45,15153.55,NIFTY SMALLCAP 250
NIFTY SMALLCAP 250,17 Mar 2026,14876.6,14929.6,14762.2,14889.5,NIFTY SMALLCAP 250
NIFTY SMALLCAP 250,16 Mar 2026,14827.65,14867.45,14538.8,14804.7,NIFTY SMALLCAP 250
NIFTY SMALLCAP 250,13 Mar 2026,15211.25,15212.15,14809.2,14857.5,NIFTY SMALLCAP 250
NIFTY SMALLCAP 250,12 Mar 2026,15252.95,15360.3,15026.95,15266.45,NIFTY SMALLCAP 250
NIFTY SMALLCAP 250,11 Mar 2026,15429.0,15556.95,15300.95,15326.6,NIFTY SMALLCAP 250
NIFTY SMALLCAP 250,10 Mar 2026,15251.4,15418.85,15177.05,15385.9,NIFTY SMALLCAP 250
NIFTY SMALLCAP 250,09 Mar 2026,15146.35,15146.95,14854.85,15063.5,NIFTY SMALLCAP 250
NIFTY SMALLCAP 250,06 Mar 2026,15449.05,15569.8,15413.9,15422.2,NIFTY SMALLCAP 250
NIFTY SMALLCAP 250,05 Mar 2026,15344.05,15490.65,15265.4,15465.75,NIFTY SMALLCAP 250
NIFTY SMALLCAP 250,04 Mar 2026,15355.6,15362.9,15139.9,15250.6,NIFTY SMALLCAP 250
NIFTY SMALLCAP 250,02 Mar 2026,15260.7,15749.1,15258.1,15580.4,NIFTY SMALLCAP 250
NIFTY SMALLCAP 250,27 Feb 2026,16045.9,16047.15,15861.75,15881.05,NIFTY SMALLCAP 250
NIFTY SMALLCAP 250,26 Feb 2026,16059.5,16121.9,15983.1,16047.45,NIFTY SMALLCAP 250
NIFTY SMALLCAP 250,25 Feb 2026,15994.6,16067.25,15955.65,16035.7,NIFTY SMALLCAP 250
NIFTY SMALLCAP 250,24 Feb 2026,15981.45,15989.65,15820.15,15933.05,NIFTY SMALLCAP 250
NIFTY SMALLCAP 250,23 Feb 2026,16056.55,16128.25,15958.65,16027.95,NIFTY SMALLCAP 250
NIFTY SMALLCAP 250,20 Feb 2026,15958.8,16018.2,15880.9,15958.8,NIFTY SMALLCAP 250
NIFTY SMALLCAP 250,19 Feb 2026,16229.25,16247.4,15941.4,15988.0,NIFTY SMALLCAP 250
NIFTY SMALLCAP 250,18 Feb 2026,16137.65,16196.35,16100.7,16180.85,NIFTY SMALLCAP 250
NIFTY SMALLCAP 250,17 Feb 2026,15980.45,16110.25,15948.95,16099.35,NIFTY SMALLCAP 250
NIFTY SMALLCAP 250,16 Feb 2026,15914.6,15995.4,15815.8,15981.15,NIFTY SMALLCAP 250
NIFTY SMALLCAP 250,13 Feb 2026,16124.3,16128.45,15912.05,15988.3,NIFTY SMALLCAP 250
NIFTY SMALLCAP 250,12 Feb 2026,16362.55,16363.6,16201.85,16250.15,NIFTY SMALLCAP 250
NIFTY SMALLCAP 250,11 Feb 2026,16384.5,16385.3,16263.9,16369.9,NIFTY SMALLCAP 250
NIFTY SMALLCAP 250,10 Feb 2026,16335.35,16400.75,16288.8,16349.35,NIFTY SMALLCAP 250
NIFTY SMALLCAP 250,09 Feb 2026,15982.65,16281.6,15956.4,16268.8,NIFTY SMALLCAP 250
NIFTY SMALLCAP 250,06 Feb 2026,15870.4,15880.4,15689.9,15864.5,NIFTY SMALLCAP 250
NIFTY SMALLCAP 250,05 Feb 2026,16051.75,16053.65,15846.3,15919.15,NIFTY SMALLCAP 250
NIFTY SMALLCAP 250,04 Feb 2026,15950.4,16104.6,15877.4,16084.15,NIFTY SMALLCAP 250
NIFTY SMALLCAP 250,03 Feb 2026,16204.15,16225.45,15880.9,15962.45,NIFTY SMALLCAP 250
NIFTY SMALLCAP 250,02 Feb 2026,15396.8,15559.9,15164.2,15507.15,NIFTY SMALLCAP 250
NIFTY SMALLCAP 250,01 Feb 2026,15701.25,15737.75,15228.95,15421.05,NIFTY SMALLCAP 250
NIFTY SMALLCAP 250,30 Jan 2026,15556.65,15781.75,15416.7,15763.45,NIFTY SMALLCAP 250
NIFTY SMALLCAP 250,29 Jan 2026,15696.35,15700.3,15505.4,15630.3,NIFTY SMALLCAP 250
NIFTY SMALLCAP 250,28 Jan 2026,15415.6,15664.0,15405.15,15639.55,NIFTY SMALLCAP 250
NIFTY SMALLCAP 250,27 Jan 2026,15365.25,15411.8,15111.3,15345.5,NIFTY SMALLCAP 250
NIFTY SMALLCAP 250,23 Jan 2026,15681.5,15683.6,15288.8,15314.6,NIFTY SMALLCAP 250
NIFTY SMALLCAP 250,22 Jan 2026,15616.25,15724.1,15497.55,15618.8,NIFTY SMALLCAP 250
NIFTY SMALLCAP 250,21 Jan 2026,15538.75,15608.75,15276.55,15478.8,NIFTY SMALLCAP 250
NIFTY SMALLCAP 250,20 Jan 2026,16017.0,16018.2,15557.55,15595.2,NIFTY SMALLCAP 250
NIFTY SMALLCAP 250,19 Jan 2026,16159.0,16162.7,16002.4,16024.05,NIFTY SMALLCAP 250
NIFTY SMALLCAP 250,16 Jan 2026,16297.1,16340.35,16185.7,16207.3,NIFTY SMALLCAP 250
NIFTY SMALLCAP 250,14 Jan 2026,16178.85,16318.15,16165.2,16283.6,NIFTY SMALLCAP 250
NIFTY SMALLCAP 250,13 Jan 2026,16170.95,16258.9,16089.35,16205.25,NIFTY SMALLCAP 250
NIFTY SMALLCAP 250,12 Jan 2026,16189.3,16195.5,15873.65,16101.4,NIFTY SMALLCAP 250
NIFTY SMALLCAP 250,09 Jan 2026,16458.3,16505.95,16187.45,16209.45,NIFTY SMALLCAP 250
NIFTY SMALLCAP 250,08 Jan 2026,16821.55,16832.1,16459.75,16489.05,NIFTY SMALLCAP 250
NIFTY SMALLCAP 250,07 Jan 2026,16790.15,16842.4,16746.2,16816.0,NIFTY SMALLCAP 250
NIFTY SMALLCAP 250,06 Jan 2026,16893.4,16893.4,16735.0,16791.5,NIFTY SMALLCAP 250
NIFTY SMALLCAP 250,05 Jan 2026,16832.4,16889.05,16770.6,16843.35,NIFTY SMALLCAP 250
NIFTY SMALLCAP 250,02 Jan 2026,16699.05,16805.2,16655.25,16795.75,NIFTY SMALLCAP 250
NIFTY SMALLCAP 250,01 Jan 2026,16708.9,16717.35,16593.9,16667.9,NIFTY SMALLCAP 250
NIFTY SMALLCAP 50,24 Mar 2026,7576.2,7618.95,7398.7,7598.25,NIFTY SMALLCAP 50
NIFTY SMALLCAP 50,23 Mar 2026,7613.0,7613.4,7338.35,7400.6,NIFTY SMALLCAP 50
NIFTY SMALLCAP 50,20 Mar 2026,7763.15,7808.45,7669.25,7683.4,NIFTY SMALLCAP 50
NIFTY SMALLCAP 50,19 Mar 2026,7827.55,7833.15,7667.9,7696.25,NIFTY SMALLCAP 50
NIFTY SMALLCAP 50,18 Mar 2026,7849.55,7972.5,7838.15,7940.75,NIFTY SMALLCAP 50
NIFTY SMALLCAP 50,17 Mar 2026,7803.9,7837.05,7745.0,7813.5,NIFTY SMALLCAP 50
NIFTY SMALLCAP 50,16 Mar 2026,7771.05,7814.0,7626.15,7761.75,NIFTY SMALLCAP 50
NIFTY SMALLCAP 50,13 Mar 2026,7956.65,7961.4,7762.25,7792.0,NIFTY SMALLCAP 50
NIFTY SMALLCAP 50,12 Mar 2026,8017.3,8053.35,7898.75,7985.2,NIFTY SMALLCAP 50
NIFTY SMALLCAP 50,11 Mar 2026,8119.15,8172.7,8040.45,8054.2,NIFTY SMALLCAP 50
NIFTY SMALLCAP 50,10 Mar 2026,8022.8,8117.85,8002.7,8098.45,NIFTY SMALLCAP 50
NIFTY SMALLCAP 50,09 Mar 2026,7934.75,7943.45,7795.95,7926.15,NIFTY SMALLCAP 50
NIFTY SMALLCAP 50,06 Mar 2026,8128.95,8193.55,8081.35,8091.85,NIFTY SMALLCAP 50
NIFTY SMALLCAP 50,05 Mar 2026,8047.6,8151.9,8012.2,8139.0,NIFTY SMALLCAP 50
NIFTY SMALLCAP 50,04 Mar 2026,8060.65,8063.85,7929.0,7991.45,NIFTY SMALLCAP 50
NIFTY SMALLCAP 50,02 Mar 2026,7986.6,8260.6,7983.8,8167.25,NIFTY SMALLCAP 50
NIFTY SMALLCAP 50,27 Feb 2026,8404.35,8410.55,8289.05,8302.3,NIFTY SMALLCAP 50
NIFTY SMALLCAP 50,26 Feb 2026,8428.75,8455.8,8361.6,8409.85,NIFTY SMALLCAP 50
NIFTY SMALLCAP 50,25 Feb 2026,8369.55,8442.15,8363.0,8417.35,NIFTY SMALLCAP 50
NIFTY SMALLCAP 50,24 Feb 2026,8337.9,8361.25,8275.55,8334.0,NIFTY SMALLCAP 50
NIFTY SMALLCAP 50,23 Feb 2026,8393.7,8432.45,8326.35,8364.9,NIFTY SMALLCAP 50
NIFTY SMALLCAP 50,20 Feb 2026,8324.7,8369.35,8301.5,8333.65,NIFTY SMALLCAP 50
NIFTY SMALLCAP 50,19 Feb 2026,8489.5,8497.6,8309.0,8335.15,NIFTY SMALLCAP 50
NIFTY SMALLCAP 50,18 Feb 2026,8427.3,8464.95,8393.5,8456.75,NIFTY SMALLCAP 50
NIFTY SMALLCAP 50,17 Feb 2026,8363.45,8414.85,8340.15,8406.3,NIFTY SMALLCAP 50
NIFTY SMALLCAP 50,16 Feb 2026,8260.45,8367.2,8213.15,8362.05,NIFTY SMALLCAP 50
NIFTY SMALLCAP 50,13 Feb 2026,8404.5,8406.95,8281.4,8318.55,NIFTY SMALLCAP 50
NIFTY SMALLCAP 50,12 Feb 2026,8505.0,8505.0,8435.6,8478.1,NIFTY SMALLCAP 50
NIFTY SMALLCAP 50,11 Feb 2026,8532.85,8533.15,8470.0,8517.0,NIFTY SMALLCAP 50
NIFTY SMALLCAP 50,10 Feb 2026,8512.5,8546.2,8487.45,8519.5,NIFTY SMALLCAP 50
NIFTY SMALLCAP 50,09 Feb 2026,8337.4,8495.65,8315.1,8484.5,NIFTY SMALLCAP 50
NIFTY SMALLCAP 50,06 Feb 2026,8246.65,8276.5,8136.9,8266.0,NIFTY SMALLCAP 50
NIFTY SMALLCAP 50,05 Feb 2026,8380.55,8380.55,8235.3,8285.1,NIFTY SMALLCAP 50
NIFTY SMALLCAP 50,04 Feb 2026,8273.35,8425.7,8245.15,8411.1,NIFTY SMALLCAP 50
NIFTY SMALLCAP 50,03 Feb 2026,8420.0,8471.1,8238.9,8268.15,NIFTY SMALLCAP 50
NIFTY SMALLCAP 50,02 Feb 2026,7951.05,8057.7,7825.4,8024.75,NIFTY SMALLCAP 50
NIFTY SMALLCAP 50,01 Feb 2026,8121.65,8131.6,7833.65,7968.6,NIFTY SMALLCAP 50
NIFTY SMALLCAP 50,30 Jan 2026,8145.7,8237.2,8054.2,8189.35,NIFTY SMALLCAP 50
NIFTY SMALLCAP 50,29 Jan 2026,8224.15,8232.9,8125.05,8175.05,NIFTY SMALLCAP 50
NIFTY SMALLCAP 50,28 Jan 2026,8090.0,8201.35,8077.05,8189.95,NIFTY SMALLCAP 50
NIFTY SMALLCAP 50,27 Jan 2026,8042.15,8076.2,7936.4,8041.45,NIFTY SMALLCAP 50
NIFTY SMALLCAP 50,23 Jan 2026,8189.1,8193.15,7971.35,7984.55,NIFTY SMALLCAP 50
NIFTY SMALLCAP 50,22 Jan 2026,8172.4,8215.0,8061.2,8140.65,NIFTY SMALLCAP 50
NIFTY SMALLCAP 50,21 Jan 2026,8166.85,8208.45,7995.45,8085.55,NIFTY SMALLCAP 50
NIFTY SMALLCAP 50,20 Jan 2026,8430.6,8430.9,8169.85,8192.45,NIFTY SMALLCAP 50
NIFTY SMALLCAP 50,19 Jan 2026,8499.2,8521.3,8410.9,8426.35,NIFTY SMALLCAP 50
NIFTY SMALLCAP 50,16 Jan 2026,8537.55,8574.3,8488.3,8505.35,NIFTY SMALLCAP 50
NIFTY SMALLCAP 50,14 Jan 2026,8441.25,8541.75,8427.75,8520.25,NIFTY SMALLCAP 50
NIFTY SMALLCAP 50,13 Jan 2026,8409.65,8460.85,8359.0,8447.55,NIFTY SMALLCAP 50
NIFTY SMALLCAP 50,12 Jan 2026,8436.35,8441.55,8265.6,8374.55,NIFTY SMALLCAP 50
NIFTY SMALLCAP 50,09 Jan 2026,8593.2,8621.55,8420.7,8435.05,NIFTY SMALLCAP 50
NIFTY SMALLCAP 50,08 Jan 2026,8786.6,8794.35,8584.45,8605.1,NIFTY SMALLCAP 50
NIFTY SMALLCAP 50,07 Jan 2026,8711.45,8792.0,8683.9,8774.9,NIFTY SMALLCAP 50
NIFTY SMALLCAP 50,06 Jan 2026,8735.9,8743.75,8661.3,8706.55,NIFTY SMALLCAP 50
NIFTY SMALLCAP 50,05 Jan 2026,8679.4,8728.55,8655.25,8696.3,NIFTY SMALLCAP 50
NIFTY SMALLCAP 50,02 Jan 2026,8621.5,8663.35,8592.0,8656.75,NIFTY SMALLCAP 50
NIFTY SMALLCAP 50,01 Jan 2026,8617.35,8621.25,8554.75,8602.45,NIFTY SMALLCAP 50
NIFTY SMALLCAP 100,24 Mar 2026,15459.7,15534.7,15115.7,15495.2,NIFTY SMALLCAP 100
NIFTY SMALLCAP 100,23 Mar 2026,15565.3,15565.3,14986.0,15098.7,NIFTY SMALLCAP 100
NIFTY SMALLCAP 100,20 Mar 2026,15829.7,15929.1,15694.9,15718.6,NIFTY SMALLCAP 100
NIFTY SMALLCAP 100,19 Mar 2026,15933.15,15959.4,15656.9,15704.25,NIFTY SMALLCAP 100
NIFTY SMALLCAP 100,18 Mar 2026,15976.1,16230.7,15946.3,16179.15,NIFTY SMALLCAP 100
NIFTY SMALLCAP 100,17 Mar 2026,15888.25,15957.6,15765.7,15912.9,NIFTY SMALLCAP 100
NIFTY SMALLCAP 100,16 Mar 2026,15858.25,15892.2,15526.75,15810.35,NIFTY SMALLCAP 100
NIFTY SMALLCAP 100,13 Mar 2026,16246.9,16253.55,15832.9,15895.25,NIFTY SMALLCAP 100
NIFTY SMALLCAP 100,12 Mar 2026,16337.15,16423.05,16097.45,16305.25,NIFTY SMALLCAP 100
NIFTY SMALLCAP 100,11 Mar 2026,16521.85,16652.85,16384.25,16414.85,NIFTY SMALLCAP 100
NIFTY SMALLCAP 100,10 Mar 2026,16339.4,16512.75,16268.95,16473.8,NIFTY SMALLCAP 100
NIFTY SMALLCAP 100,09 Mar 2026,16199.35,16199.35,15896.95,16132.2,NIFTY SMALLCAP 100
NIFTY SMALLCAP 100,06 Mar 2026,16524.35,16658.45,16481.65,16498.9,NIFTY SMALLCAP 100
NIFTY SMALLCAP 100,05 Mar 2026,16397.1,16567.7,16311.55,16538.8,NIFTY SMALLCAP 100
NIFTY SMALLCAP 100,04 Mar 2026,16412.35,16413.4,16156.35,16281.5,NIFTY SMALLCAP 100
NIFTY SMALLCAP 100,02 Mar 2026,16289.6,16839.2,16284.7,16632.4,NIFTY SMALLCAP 100
NIFTY SMALLCAP 100,27 Feb 2026,17109.75,17112.0,16904.5,16928.9,NIFTY SMALLCAP 100
NIFTY SMALLCAP 100,26 Feb 2026,17143.6,17206.0,17036.3,17117.65,NIFTY SMALLCAP 100
NIFTY SMALLCAP 100,25 Feb 2026,17032.75,17146.9,17015.9,17118.7,NIFTY SMALLCAP 100
NIFTY SMALLCAP 100,24 Feb 2026,17005.75,17024.6,16842.0,16958.65,NIFTY SMALLCAP 100
NIFTY SMALLCAP 100,23 Feb 2026,17119.55,17202.3,16984.9,17051.95,NIFTY SMALLCAP 100
NIFTY SMALLCAP 100,20 Feb 2026,16995.55,17087.6,16937.5,17002.15,NIFTY SMALLCAP 100
NIFTY SMALLCAP 100,19 Feb 2026,17294.6,17308.35,16970.95,17020.35,NIFTY SMALLCAP 100
NIFTY SMALLCAP 100,18 Feb 2026,17184.1,17257.6,17133.5,17239.25,NIFTY SMALLCAP 100
NIFTY SMALLCAP 100,17 Feb 2026,17050.95,17166.2,17011.45,17146.7,NIFTY SMALLCAP 100
NIFTY SMALLCAP 100,16 Feb 2026,16927.0,17062.75,16822.25,17050.9,NIFTY SMALLCAP 100
NIFTY SMALLCAP 100,13 Feb 2026,17193.65,17196.35,16951.9,17032.9,NIFTY SMALLCAP 100
NIFTY SMALLCAP 100,12 Feb 2026,17433.15,17435.0,17275.2,17344.1,NIFTY SMALLCAP 100
NIFTY SMALLCAP 100,11 Feb 2026,17482.3,17483.25,17362.1,17455.0,NIFTY SMALLCAP 100
NIFTY SMALLCAP 100,10 Feb 2026,17447.3,17508.85,17397.2,17451.2,NIFTY SMALLCAP 100
NIFTY SMALLCAP 100,09 Feb 2026,17082.55,17404.15,17045.6,17385.9,NIFTY SMALLCAP 100
NIFTY SMALLCAP 100,06 Feb 2026,16914.4,16956.95,16705.35,16938.65,NIFTY SMALLCAP 100
NIFTY SMALLCAP 100,05 Feb 2026,17151.35,17151.4,16896.8,16983.9,NIFTY SMALLCAP 100
NIFTY SMALLCAP 100,04 Feb 2026,16993.25,17234.7,16918.25,17205.1,NIFTY SMALLCAP 100
NIFTY SMALLCAP 100,03 Feb 2026,17295.6,17366.1,16938.75,16988.95,NIFTY SMALLCAP 100
NIFTY SMALLCAP 100,02 Feb 2026,16381.95,16583.7,16136.9,16523.35,NIFTY SMALLCAP 100
NIFTY SMALLCAP 100,01 Feb 2026,16767.7,16780.5,16155.35,16418.15,NIFTY SMALLCAP 100
NIFTY SMALLCAP 100,30 Jan 2026,16739.6,16946.85,16565.65,16879.1,NIFTY SMALLCAP 100
NIFTY SMALLCAP 100,29 Jan 2026,16880.05,16888.75,16692.9,16825.0,NIFTY SMALLCAP 100
NIFTY SMALLCAP 100,28 Jan 2026,16511.3,16817.15,16489.25,16790.95,NIFTY SMALLCAP 100
NIFTY SMALLCAP 100,27 Jan 2026,16445.3,16493.45,16186.75,16419.35,NIFTY SMALLCAP 100
NIFTY SMALLCAP 100,23 Jan 2026,16765.4,16770.85,16326.35,16352.75,NIFTY SMALLCAP 100
NIFTY SMALLCAP 100,22 Jan 2026,16717.9,16807.7,16534.9,16677.25,NIFTY SMALLCAP 100
NIFTY SMALLCAP 100,21 Jan 2026,16648.85,16736.9,16362.9,16551.2,NIFTY SMALLCAP 100
NIFTY SMALLCAP 100,20 Jan 2026,17185.8,17186.2,16660.55,16701.05,NIFTY SMALLCAP 100
NIFTY SMALLCAP 100,19 Jan 2026,17339.35,17366.9,17165.75,17190.7,NIFTY SMALLCAP 100
NIFTY SMALLCAP 100,16 Jan 2026,17427.7,17495.0,17340.0,17362.3,NIFTY SMALLCAP 100
NIFTY SMALLCAP 100,14 Jan 2026,17281.85,17453.9,17259.5,17410.85,NIFTY SMALLCAP 100
NIFTY SMALLCAP 100,13 Jan 2026,17264.25,17359.25,17163.95,17295.8,NIFTY SMALLCAP 100
NIFTY SMALLCAP 100,12 Jan 2026,17287.1,17294.65,16946.95,17193.3,NIFTY SMALLCAP 100
NIFTY SMALLCAP 100,09 Jan 2026,17572.5,17637.9,17252.95,17282.65,NIFTY SMALLCAP 100
NIFTY SMALLCAP 100,08 Jan 2026,17972.7,17997.25,17560.75,17601.05,NIFTY SMALLCAP 100
NIFTY SMALLCAP 100,07 Jan 2026,17891.95,17993.7,17840.3,17958.5,NIFTY SMALLCAP 100
NIFTY SMALLCAP 100,06 Jan 2026,18000.65,18000.65,17812.05,17887.85,NIFTY SMALLCAP 100
NIFTY SMALLCAP 100,05 Jan 2026,17882.65,17984.9,17836.3,17926.4,NIFTY SMALLCAP 100
NIFTY SMALLCAP 100,02 Jan 2026,17744.5,17845.25,17699.1,17832.05,NIFTY SMALLCAP 100
NIFTY SMALLCAP 100,01 Jan 2026,17745.8,17749.9,17606.6,17704.9,NIFTY SMALLCAP 100
NIFTY SMALLCAP 500,24 Mar 2026,-,-,-,16354.3,NIFTY SMALLCAP 500
NIFTY SMALLCAP 500,23 Mar 2026,-,-,-,15960.2,NIFTY SMALLCAP 500
NIFTY SMALLCAP 500,20 Mar 2026,-,-,-,16625.33,NIFTY SMALLCAP 500
NIFTY SMALLCAP 500,19 Mar 2026,-,-,-,16554.57,NIFTY SMALLCAP 500
NIFTY SMALLCAP 500,18 Mar 2026,-,-,-,17006.05,NIFTY SMALLCAP 500
NIFTY SMALLCAP 500,17 Mar 2026,-,-,-,16669.55,NIFTY SMALLCAP 500
NIFTY SMALLCAP 500,16 Mar 2026,-,-,-,16558.18,NIFTY SMALLCAP 500
NIFTY SMALLCAP 500,13 Mar 2026,-,-,-,16622.52,NIFTY SMALLCAP 500
NIFTY SMALLCAP 500,12 Mar 2026,-,-,-,17088.95,NIFTY SMALLCAP 500
NIFTY SMALLCAP 500,11 Mar 2026,-,-,-,17152.56,NIFTY SMALLCAP 500
NIFTY SMALLCAP 500,10 Mar 2026,-,-,-,17208.22,NIFTY SMALLCAP 500
NIFTY SMALLCAP 500,09 Mar 2026,-,-,-,16836.48,NIFTY SMALLCAP 500
NIFTY SMALLCAP 500,06 Mar 2026,-,-,-,17252.55,NIFTY SMALLCAP 500
NIFTY SMALLCAP 500,05 Mar 2026,-,-,-,17294.65,NIFTY SMALLCAP 500
NIFTY SMALLCAP 500,04 Mar 2026,-,-,-,17071.86,NIFTY SMALLCAP 500
NIFTY SMALLCAP 500,02 Mar 2026,-,-,-,17464.86,NIFTY SMALLCAP 500
NIFTY SMALLCAP 500,27 Feb 2026,-,-,-,17807.81,NIFTY SMALLCAP 500
NIFTY SMALLCAP 500,26 Feb 2026,-,-,-,17999.79,NIFTY SMALLCAP 500
NIFTY SMALLCAP 500,25 Feb 2026,-,-,-,17975.44,NIFTY SMALLCAP 500
NIFTY SMALLCAP 500,24 Feb 2026,-,-,-,17881.15,NIFTY SMALLCAP 500
NIFTY SMALLCAP 500,23 Feb 2026,-,-,-,18020.95,NIFTY SMALLCAP 500
NIFTY SMALLCAP 500,20 Feb 2026,-,-,-,17956.35,NIFTY SMALLCAP 500
NIFTY SMALLCAP 500,19 Feb 2026,-,-,-,17987.56,NIFTY SMALLCAP 500
NIFTY SMALLCAP 500,18 Feb 2026,-,-,-,18213.87,NIFTY SMALLCAP 500
NIFTY SMALLCAP 500,17 Feb 2026,-,-,-,18135.54,NIFTY SMALLCAP 500
NIFTY SMALLCAP 500,16 Feb 2026,-,-,-,17989.87,NIFTY SMALLCAP 500
NIFTY SMALLCAP 500,13 Feb 2026,-,-,-,18033.27,NIFTY SMALLCAP 500
NIFTY SMALLCAP 500,12 Feb 2026,-,-,-,18319.66,NIFTY SMALLCAP 500
NIFTY SMALLCAP 500,11 Feb 2026,-,-,-,18442.4,NIFTY SMALLCAP 500
NIFTY SMALLCAP 500,10 Feb 2026,-,-,-,18449.66,NIFTY SMALLCAP 500
NIFTY SMALLCAP 500,09 Feb 2026,-,-,-,18329.65,NIFTY SMALLCAP 500
NIFTY SMALLCAP 500,06 Feb 2026,-,-,-,17877.19,NIFTY SMALLCAP 500
NIFTY SMALLCAP 500,05 Feb 2026,-,-,-,17960.1,NIFTY SMALLCAP 500
NIFTY SMALLCAP 500,04 Feb 2026,-,-,-,18144.95,NIFTY SMALLCAP 500
NIFTY SMALLCAP 500,03 Feb 2026,-,-,-,17985.11,NIFTY SMALLCAP 500
NIFTY SMALLCAP 500,02 Feb 2026,-,-,-,17439.49,NIFTY SMALLCAP 500
NIFTY SMALLCAP 500,01 Feb 2026,-,-,-,17363.56,NIFTY SMALLCAP 500
NIFTY SMALLCAP 500,30 Jan 2026,-,-,-,17708.39,NIFTY SMALLCAP 500
NIFTY SMALLCAP 500,29 Jan 2026,-,-,-,17507.74,NIFTY SMALLCAP 500
NIFTY SMALLCAP 500,28 Jan 2026,-,-,-,17456.75,NIFTY SMALLCAP 500
NIFTY SMALLCAP 500,27 Jan 2026,-,-,-,17205.68,NIFTY SMALLCAP 500
NIFTY SMALLCAP 500,23 Jan 2026,-,-,-,17174.53,NIFTY SMALLCAP 500
NIFTY SMALLCAP 500,22 Jan 2026,-,-,-,17527.14,NIFTY SMALLCAP 500
NIFTY SMALLCAP 500,21 Jan 2026,-,-,-,17341.91,NIFTY SMALLCAP 500
NIFTY SMALLCAP 500,20 Jan 2026,-,-,-,17470.75,NIFTY SMALLCAP 500
NIFTY SMALLCAP 500,19 Jan 2026,-,-,-,17952.68,NIFTY SMALLCAP 500
NIFTY SMALLCAP 500,16 Jan 2026,-,-,-,18169.34,NIFTY SMALLCAP 500
NIFTY SMALLCAP 500,14 Jan 2026,-,-,-,18249.46,NIFTY SMALLCAP 500
NIFTY SMALLCAP 500,13 Jan 2026,-,-,-,18187.59,NIFTY SMALLCAP 500
NIFTY SMALLCAP 500,12 Jan 2026,-,-,-,18087.67,NIFTY SMALLCAP 500
NIFTY SMALLCAP 500,09 Jan 2026,-,-,-,18220.45,NIFTY SMALLCAP 500
NIFTY SMALLCAP 500,08 Jan 2026,-,-,-,18536.49,NIFTY SMALLCAP 500
NIFTY SMALLCAP 500,07 Jan 2026,-,-,-,18900.68,NIFTY SMALLCAP 500
NIFTY SMALLCAP 500,06 Jan 2026,-,-,-,18879.15,NIFTY SMALLCAP 500
NIFTY SMALLCAP 500,05 Jan 2026,-,-,-,18956.7,NIFTY SMALLCAP 500
NIFTY SMALLCAP 500,02 Jan 2026,-,-,-,18904.08,NIFTY SMALLCAP 500
NIFTY SMALLCAP 500,01 Jan 2026,-,-,-,18750.55,NIFTY SMALLCAP 500
NIFTY TOTAL MARKET,24 Mar 2026,11799.0,11876.95,11628.55,11812.8,NIFTY TOTAL MARKET
NIFTY TOTAL MARKET,23 Mar 2026,11823.1,11828.75,11554.2,11583.2,NIFTY TOTAL MARKET
NIFTY TOTAL MARKET,20 Mar 2026,11973.8,12091.25,11943.5,11962.0,NIFTY TOTAL MARKET
NIFTY TOTAL MARKET,19 Mar 2026,12038.5,12090.3,11865.2,11903.05,NIFTY TOTAL MARKET
NIFTY TOTAL MARKET,18 Mar 2026,12173.15,12330.6,12168.45,12289.3,NIFTY TOTAL MARKET
NIFTY TOTAL MARKET,17 Mar 2026,12095.8,12177.2,12018.0,12143.6,NIFTY TOTAL MARKET
NIFTY TOTAL MARKET,16 Mar 2026,11972.0,12100.6,11830.65,12047.2,NIFTY TOTAL MARKET
NIFTY TOTAL MARKET,13 Mar 2026,12203.85,12213.6,11969.2,11991.65,NIFTY TOTAL MARKET
NIFTY TOTAL MARKET,12 Mar 2026,12272.65,12369.3,12166.4,12278.15,NIFTY TOTAL MARKET
NIFTY TOTAL MARKET,11 Mar 2026,12527.95,12580.35,12339.1,12357.8,NIFTY TOTAL MARKET
NIFTY TOTAL MARKET,10 Mar 2026,12499.3,12544.6,12405.45,12520.8,NIFTY TOTAL MARKET
NIFTY TOTAL MARKET,09 Mar 2026,12325.65,12373.75,12180.9,12355.6,NIFTY TOTAL MARKET
NIFTY TOTAL MARKET,06 Mar 2026,12673.0,12720.15,12583.65,12597.1,NIFTY TOTAL MARKET
NIFTY TOTAL MARKET,05 Mar 2026,12625.35,12748.85,12585.4,12714.5,NIFTY TOTAL MARKET
NIFTY TOTAL MARKET,04 Mar 2026,12574.4,12615.15,12483.95,12554.25,NIFTY TOTAL MARKET
NIFTY TOTAL MARKET,02 Mar 2026,12630.25,12886.9,12626.4,12796.6,NIFTY TOTAL MARKET
NIFTY TOTAL MARKET,27 Feb 2026,13129.7,13134.95,12968.85,12985.75,NIFTY TOTAL MARKET
NIFTY TOTAL MARKET,26 Feb 2026,13150.25,13175.4,13083.8,13143.05,NIFTY TOTAL MARKET
NIFTY TOTAL MARKET,25 Feb 2026,13110.45,13172.1,13073.55,13117.65,NIFTY TOTAL MARKET
NIFTY TOTAL MARKET,24 Feb 2026,13129.2,13129.2,12986.75,13063.2,NIFTY TOTAL MARKET
NIFTY TOTAL MARKET,23 Feb 2026,13173.4,13215.85,13116.75,13166.7,NIFTY TOTAL MARKET
NIFTY TOTAL MARKET,20 Feb 2026,13040.7,13157.9,13020.4,13117.4,NIFTY TOTAL MARKET
NIFTY TOTAL MARKET,19 Feb 2026,13286.15,13289.8,13030.65,13065.4,NIFTY TOTAL MARKET
NIFTY TOTAL MARKET,18 Feb 2026,13220.0,13267.25,13175.75,13260.5,NIFTY TOTAL MARKET
NIFTY TOTAL MARKET,17 Feb 2026,13146.0,13214.85,13117.45,13201.95,NIFTY TOTAL MARKET
NIFTY TOTAL MARKET,16 Feb 2026,13041.7,13169.25,13009.3,13160.7,NIFTY TOTAL MARKET
NIFTY TOTAL MARKET,13 Feb 2026,13154.65,13162.05,13062.35,13078.15,NIFTY TOTAL MARKET
NIFTY TOTAL MARKET,12 Feb 2026,13325.6,13325.6,13234.15,13268.15,NIFTY TOTAL MARKET
NIFTY TOTAL MARKET,11 Feb 2026,13358.75,13360.35,13300.05,13341.65,NIFTY TOTAL MARKET
NIFTY TOTAL MARKET,10 Feb 2026,13324.3,13352.0,13290.45,13328.3,NIFTY TOTAL MARKET
NIFTY TOTAL MARKET,09 Feb 2026,13232.2,13291.05,13196.65,13285.45,NIFTY TOTAL MARKET
NIFTY TOTAL MARKET,06 Feb 2026,13104.5,13145.9,13014.8,13138.4,NIFTY TOTAL MARKET
NIFTY TOTAL MARKET,05 Feb 2026,13187.55,13187.6,13087.35,13130.15,NIFTY TOTAL MARKET
NIFTY TOTAL MARKET,04 Feb 2026,13129.9,13216.35,13057.75,13201.55,NIFTY TOTAL MARKET
NIFTY TOTAL MARKET,03 Feb 2026,13382.5,13404.5,13094.05,13147.4,NIFTY TOTAL MARKET
NIFTY TOTAL MARKET,02 Feb 2026,12669.0,12820.0,12559.45,12801.05,NIFTY TOTAL MARKET
NIFTY TOTAL MARKET,01 Feb 2026,12931.65,12984.9,12525.05,12678.4,NIFTY TOTAL MARKET
NIFTY TOTAL MARKET,30 Jan 2026,12880.35,12953.2,12836.35,12937.95,NIFTY TOTAL MARKET
NIFTY TOTAL MARKET,29 Jan 2026,12947.9,12972.9,12841.4,12959.6,NIFTY TOTAL MARKET
NIFTY TOTAL MARKET,28 Jan 2026,12826.75,12944.1,12818.65,12932.85,NIFTY TOTAL MARKET
NIFTY TOTAL MARKET,27 Jan 2026,12746.35,12820.35,12635.3,12781.75,NIFTY TOTAL MARKET
NIFTY TOTAL MARKET,23 Jan 2026,12929.55,12930.15,12705.4,12720.0,NIFTY TOTAL MARKET
NIFTY TOTAL MARKET,22 Jan 2026,12893.2,12968.8,12825.3,12893.3,NIFTY TOTAL MARKET
NIFTY TOTAL MARKET,21 Jan 2026,12810.1,12874.2,12652.45,12792.45,NIFTY TOTAL MARKET
NIFTY TOTAL MARKET,20 Jan 2026,13095.25,13096.6,12823.8,12856.4,NIFTY TOTAL MARKET
NIFTY TOTAL MARKET,19 Jan 2026,13141.6,13141.65,13073.25,13099.7,NIFTY TOTAL MARKET
NIFTY TOTAL MARKET,16 Jan 2026,13178.3,13261.15,13150.75,13166.3,NIFTY TOTAL MARKET
NIFTY TOTAL MARKET,14 Jan 2026,13133.45,13208.9,13121.3,13163.05,NIFTY TOTAL MARKET
NIFTY TOTAL MARKET,13 Jan 2026,13232.75,13247.8,13085.6,13165.95,NIFTY TOTAL MARKET
NIFTY TOTAL MARKET,12 Jan 2026,13156.25,13193.6,13004.9,13180.35,NIFTY TOTAL MARKET
NIFTY TOTAL MARKET,09 Jan 2026,13265.4,13317.05,13129.0,13161.1,NIFTY TOTAL MARKET
NIFTY TOTAL MARKET,08 Jan 2026,13464.45,13472.75,13271.5,13284.55,NIFTY TOTAL MARKET
NIFTY TOTAL MARKET,07 Jan 2026,13464.2,13494.45,13434.1,13475.85,NIFTY TOTAL MARKET
NIFTY TOTAL MARKET,06 Jan 2026,13493.85,13517.55,13433.95,13472.45,NIFTY TOTAL MARKET
NIFTY TOTAL MARKET,05 Jan 2026,13536.9,13548.0,13467.5,13501.7,NIFTY TOTAL MARKET
NIFTY TOTAL MARKET,02 Jan 2026,13430.3,13527.35,13422.45,13522.3,NIFTY TOTAL MARKET
NIFTY TOTAL MARKET,01 Jan 2026,13417.75,13424.5,13373.05,13415.4,NIFTY TOTAL MARKET
